Synthesizable,Material ID,Formula,Crystal System,Space Group Symbol,Space Group Number,Sites,Energy Above Hull,Formation Energy,Predicted Stable,Volume,Density,Band Gap,Is Gap Direct,Is Metal,Magnetic Ordering,Total Magnetization,"Bulk Modulus, Voigt","Bulk Modulus, Reuss","Bulk Modulus, VRH","Shear Modulus, Voigt","Shear Modulus, Reuss","Shear Modulus, VRH",Elastic Anisotropy,Weighted Surface Energy,Surface Anisotropy,Shape Factor,Work Function,Piezoelectric Modulus,Total Dielectric Constant,Ionic Dielectric Constant,Static Dielectric Constant,Si_frac,O_frac,C_frac,N_frac
True,mp-1244933,Si,Triclinic,P1,1,100,0.349291458599999,0.349291458599999,False,1793.764937671756,2.599954373928591,0.0,False,True,NM,1e-07,,,,,,,,,,,,,,,,1.0,0.0,0.0,0.0
True,mp-1120447,Si,Triclinic,P1,1,8,0.372509667499999,0.372509667499999,False,163.06526777122875,2.288019789495501,0.0,False,True,NM,0.0,,,,,,,2.66,,,,,,,,,1.0,0.0,0.0,0.0
True,mp-1244971,Si,Triclinic,P1,1,100,0.3167515176,0.316751517599999,False,1921.073773247272,2.427656376577443,0.003099999999999,False,False,NM,0.0,,,,,,,,,,,,,,,,1.0,0.0,0.0,0.0
True,mp-1244990,Si,Triclinic,P1,1,100,0.3662740677,0.366274067699999,False,1750.9728471941326,2.6634947554856963,0.0,False,True,NM,6e-06,,,,,,,,,,,,,,,,1.0,0.0,0.0,0.0
True,mp-1245242,Si,Triclinic,P1,1,100,0.3169102161,0.316910216099998,False,1915.2205726555176,2.435075657647642,0.0,False,True,NM,1e-07,,,,,,,,,,,,,,,,1.0,0.0,0.0,0.0
True,mp-1245041,Si,Triclinic,P1,1,100,0.310314400899999,0.310314400899999,False,1918.192245426189,2.431303226576872,0.027599999999999,True,False,NM,0.0,,,,,,,,,,,,,,,,1.0,0.0,0.0,0.0
True,mp-1403870,Si,Triclinic,P1,1,8,1.250752009999999,1.250752009999999,False,174.1076902939462,2.142906835476681,0.0,False,True,NM,6e-07,,,,,,,,,,,,,,,,1.0,0.0,0.0,0.0
True,mp-644693,Si,Triclinic,P1,1,8,0.415119279999999,0.415119279999999,False,174.10767849877462,2.142906980650944,0.0,False,True,NM,0.0010976,,,,,,,11.527,,,,,,,,,1.0,0.0,0.0,0.0
True,mp-676011,Si,Triclinic,P1,1,8,0.447035322499999,0.447035322499999,False,159.13142937906494,2.344581212497035,0.0,False,True,NM,0.000112899999999,,,,,,,,,,,,,,,,1.0,0.0,0.0,0.0
True,mp-988210,Si,Triclinic,P1,1,8,1.9596229937499992,1.9596229937499992,False,174.1076902939462,2.142906835476681,0.0,False,True,NM,0.0020746,,,,,,,,,,,,,,,,1.0,0.0,0.0,0.0
True,mp-1079297,Si,Monoclinic,C2/m,12,8,0.08220610625,0.08220610625,False,167.23079840226276,2.231027796342244,0.2735,False,False,NM,0.0,,,,,,,,,,,,,,,,1.0,0.0,0.0,0.0
True,mp-1204046,Si,Tetragonal,P4_2/nmc,137,106,0.178885465377357,0.178885465377357,False,2445.0737122623686,2.021832466823777,0.1508,False,False,NM,0.0,,,,,,,,,,,,,,,,1.0,0.0,0.0,0.0
False,mp-1056579,Si,Tetragonal,I4/mmm,139,1,0.484072130000001,0.484072130000001,False,13.978871817111228,3.336254210293773,0.0,False,True,NM,0.0,,,,,,,,,,,,,,,,1.0,0.0,0.0,0.0
True,mp-999200,Si,Tetragonal,I4/mmm,139,4,0.116633199999999,0.116633199999999,False,85.03542034009838,2.193771478683577,0.439799999999999,False,False,NM,0.0,,,,,,,0.294,,,,,,,,,1.0,0.0,0.0,0.0
False,mp-92,Si,Tetragonal,I4_1/amd,141,2,0.2887398,0.2887398,False,29.899999100890987,3.119536545645218,0.0,False,True,NM,0.0,,,,,,,0.454,,,,,,,,,1.0,0.0,0.0,0.0
False,mp-571520,Si,Trigonal,R-3,148,8,0.196941035,0.196941035,False,144.98047197598677,2.573426300486528,0.0,False,True,NM,0.0,,,,,,,0.222,,,,,,,,,1.0,0.0,0.0,0.0
True,mp-1199894,Si,Monoclinic,C2/c,15,82,0.128874325731707,0.128874325731708,False,1873.17465786331,2.041582038415872,0.998499999999999,False,False,NM,0.0,,,,,,,,,,,,,,,,1.0,0.0,0.0,0.0
True,mp-1202745,Si,Trigonal,P-3m1,164,58,0.144239747241378,0.144239747241379,False,1367.625529316279,1.977844080420144,0.8932000000000001,False,False,NM,3e-07,,,,,,,,,,,,,,,,1.0,0.0,0.0,0.0
True,mp-1094057,Si,Trigonal,R-3m,166,9,0.51774973,0.517749729999999,False,125.36847831882837,3.3479997143102542,0.0,False,True,NM,2e-07,,,,,,,,,,,,,,,,1.0,0.0,0.0,0.0
True,mp-1268191,Si,Hexagonal,P6/m,175,6,0.360044475,0.360044474999999,False,97.67866774258871,2.864723958637294,0.0,False,True,NM,0.0,,,,,,,,,,,,,,,,1.0,0.0,0.0,0.0
True,mp-1196961,Si,Hexagonal,P6/mmm,191,40,0.110459006499999,0.110459006499999,False,926.9934990971336,2.012401165721983,1.1285,False,False,NM,3e-07,,,,,,,,,,,,,,,,1.0,0.0,0.0,0.0
False,mp-34,Si,Hexagonal,P6/mmm,191,1,0.30530073,0.30530073,False,14.667926068037133,3.1795272036870372,0.0,False,True,NM,0.0,,,,,,,3.237,,,,,,,,,1.0,0.0,0.0,0.0
True,mp-1120747,Si,Hexagonal,P6_3/mmc,194,6,0.453742336666666,0.453742336666665,False,95.33915194426096,2.935021069765347,0.0,False,True,NM,0.0,,,,,,,,,,,,,,,,1.0,0.0,0.0,0.0
False,mp-10649,Si,Hexagonal,P6_3/mmc,194,2,0.512949795,0.512949795,False,27.728754656287357,3.363805589763085,0.0,False,True,NM,0.0,,,,,,,0.392,,,,,,,,,1.0,0.0,0.0,0.0
True,mp-1203790,Si,Hexagonal,P6_3/mmc,194,68,0.084393196617646,0.084393196617646,False,1579.409195104524,2.00791585028713,1.359999999999999,False,False,NM,0.0,,,,,,,,,,,,,,,,1.0,0.0,0.0,0.0
False,mp-165,Si,Hexagonal,P6_3/mmc,194,4,0.01360687,0.01360687,False,80.50275361604727,2.317290669455944,0.438899999999999,False,False,NM,0.0,,,,,,,0.215,1.375823260806916,0.079285057368397,5.080465662546906,4.574373169228084,,12.747945546666664,1.033333333333332e-07,12.74794544333333,1.0,0.0,0.0,0.0
True,mp-1201492,Si,Cubic,Pa-3,205,232,0.121153145431033,0.121153145431034,False,5494.177180471114,1.969321314939992,1.010699999999999,True,False,NM,0.0022583,,,,,,,,,,,,,,,,1.0,0.0,0.0,0.0
False,mp-168,Si,Cubic,Ia-3,206,8,0.160020518749998,0.160020518749998,False,147.41491670461855,2.53092813115747,0.0,False,True,NM,4.08e-05,,,,,,,0.006,,,,,,,,,1.0,0.0,0.0,0.0
True,mp-971661,Si,Cubic,I-43m,217,23,0.107477384565216,0.107477384565217,False,507.626854956001,2.113073015134004,1.372199999999999,False,False,NM,0.0,,,,,,,0.011,,,,,0.00192,12.126625089999996,0.08412862,12.042496469999996,1.0,0.0,0.0,0.0
True,mp-1200830,Si,Cubic,I-43m,217,41,0.143261035243901,0.143261035243902,False,959.8719531108836,1.9920572342568272,1.073499999999999,True,False,NM,2e-07,,,,,,,,,,,,,,,,1.0,0.0,0.0,0.0
True,mp-971662,Si,Cubic,Pm-3n,223,46,0.091849948260868,0.091849948260869,False,1055.1208729391324,2.033231711125001,1.4428,False,False,NM,0.0,,,,,,,0.012,,,,,,,,,1.0,0.0,0.0,0.0
False,mp-27,Si,Cubic,Fm-3m,225,1,0.53156601,0.53156601,False,13.953929284682244,3.342217736920136,0.0,False,True,NM,0.0,,,,,,,-7.15,,,,,,,,,1.0,0.0,0.0,0.0
False,mp-16220,Si,Cubic,Fd-3m,227,34,0.393193089411763,0.393193089411763,False,790.4309054414421,2.00607082485501,0.5334000000000001,False,False,NM,0.0,,,,,,,0.069,,,,,,,,,1.0,0.0,0.0,0.0
False,mp-149,Si,Cubic,Fd-3m,227,2,0.0,0.0,True,40.32952684741405,2.312800253345134,0.6105,False,False,NM,0.0,,,,,,,0.227,1.327373927713924,0.046483676566591,5.080957776573802,4.727598156108368,,13.003383160000023,0.0,13.003383160000023,1.0,0.0,0.0,0.0
True,mp-1014212,Si,Cubic,Im-3m,229,1,0.525495500000001,0.525495500000001,False,13.86299777852534,3.364140332420601,0.0,False,True,NM,0.0,,,,,,,4.609,,,,,,,,,1.0,0.0,0.0,0.0
True,mp-1072544,Si,Cubic,Im-3m,229,6,0.222398608333332,0.222398608333332,False,148.51509825534572,1.88413449553028,0.1444,False,False,NM,1e-07,,,,,,,,,,,,,,,,1.0,0.0,0.0,0.0
False,mp-1095269,Si,Orthorhombic,Cmcm,63,12,0.110548318333332,0.110548318333332,False,259.7236794724789,2.154770179587084,0.5013000000000001,False,False,NM,0.0,,,,,,,,,,,,,,,,1.0,0.0,0.0,0.0
True,mp-1204627,Si,Orthorhombic,Cmcm,63,46,0.129134094565216,0.129134094565216,False,1069.7973346059107,2.005337972467486,1.521599999999999,False,False,NM,0.0,,,,,,,,,,,,,,,,1.0,0.0,0.0,0.0
True,mp-1001113,Si,Orthorhombic,Cmcm,63,4,0.489827962499999,0.489827962499999,False,61.42328594825708,3.037093781943305,0.0,False,True,NM,9.76e-05,,,,,,,,,,,,,,,,1.0,0.0,0.0,0.0
True,mp-2351841,Si,Orthorhombic,Cmcm,63,4,0.4488338825,0.4488338825,False,62.2307709707008,2.997685500438472,0.0,False,True,NM,4.999999999999999e-06,,,,,,,-3.949,,,,,,,,,1.0,0.0,0.0,0.0
False,mp-1079649,Si,Orthorhombic,Cmce,64,8,0.427911783749999,0.427911783749999,False,116.89321424262552,3.191772611073461,0.0,False,True,NM,7.110000000000002e-05,,,,,,,,,,,,,,,,1.0,0.0,0.0,0.0
True,mp-1524805,Si,Orthorhombic,Fmmm,69,4,0.6645676274999981,0.6645676274999981,False,60.25474153424655,3.095993362015338,0.0,False,True,NM,1e-07,,,,,,,,,,,,,,,,1.0,0.0,0.0,0.0
True,mp-109,Si,Orthorhombic,Fmmm,69,4,0.295619397499999,0.295619397499999,False,59.83270966734666,3.117831046882785,0.0,False,True,NM,0.0,,,,,,,-2.947,,,,,,,,,1.0,0.0,0.0,0.0
False,mp-1194828,Si17O37,Monoclinic,C2/m,12,108,0.171914459598765,-2.91909292074074,False,2018.092876926347,1.759911521415707,0.0905,False,False,FM,2.6811936,,,,,,,,,,,,,,,,0.3148148148148148,0.6851851851851852,0.0,0.0
False,mp-1199711,Si18O29,Monoclinic,P2/m,10,188,0.214746118067376,-2.814363742765957,False,3734.739956649381,1.724273723364541,0.092599999999999,True,False,NM,3.6956549,,,,,,,,,,,,,,,,0.3829787234042553,0.6170212765957447,0.0,0.0
True,mp-1063118,Si2O,Monoclinic,Cm,8,3,0.798463743611111,-0.8379519283333331,False,44.23543796551016,2.709180109069742,0.0,False,True,NM,0.0008014,,,,,,,,,,,,,,,,0.6666666666666666,0.3333333333333333,0.0,0.0
True,mp-1208867,Si2O,Cubic,Fd-3m,227,6,2.324260178611111,0.6878445066666661,False,204.82542827222937,1.17018448015028,0.0,False,True,NM,0.000120599999999,,,,,,,,,,,,,,,,0.6666666666666666,0.3333333333333333,0.0,0.0
False,mp-1179195,Si2O3,Monoclinic,C2/c,15,50,0.7801976755000001,-2.165350534,False,994.5232770922948,1.739295903080365,0.9888999999999992,False,False,FiM,4.0322568,,,,,,,,,,,,,,,,0.4,0.6,0.0,0.0
False,mp-862998,Si2O5,Orthorhombic,Ima2,46,14,0.5778986454761901,-2.227385363571429,False,193.8522878150404,2.332830694642392,3.0491,True,False,NM,0.0,,,,,,,,,,,,,,,,0.2857142857142857,0.7142857142857143,0.0,0.0
True,mp-32566,Si3O,Monoclinic,C2/c,15,16,0.450910605833333,-0.776401148124999,False,312.7142846215067,2.129468934348686,0.1592,False,False,NM,0.0003915,,,,,,,,,,,,,,,,0.75,0.25,0.0,0.0
True,mp-32881,Si3O,Monoclinic,C2/c,15,16,0.444897950833333,-0.7824138031250001,False,310.48217325699835,2.1447780638837752,0.1885,False,False,NM,0.000395799999999,,,,,,,,,,,,,,,,0.75,0.25,0.0,0.0
True,mp-1250755,Si3O7,Triclinic,P1,1,20,0.600260032500001,-2.345288176999999,False,352.79786438736227,1.8474296131355872,0.204999999999999,False,False,FM,2.0000001,,,,,,,,,,,,,,,,0.3,0.7,0.0,0.0
True,mp-638900,Si3O7,Triclinic,P1,1,20,0.918595490999999,-2.0269527185,False,671.6225726107249,0.970439721206294,0.1031,False,False,FM,6.0005781,,,,,,,,,,,,,,,,0.3,0.7,0.0,0.0
True,mp-1219421,Si3O8,Orthorhombic,P2_12_12_1,19,44,0.5728086027272721,-2.104962496818182,False,654.3232729544848,2.154606167137081,0.0706,False,False,FM,8.0017246,,,,,,,,,,,,,,,,0.2727272727272727,0.7272727272727273,0.0,0.0
True,mp-1221354,Si48O107,Orthorhombic,Imm2,44,155,0.185102965516128,-2.855462928161291,False,3697.1842249835704,1.3743744763688182,0.030199999999999,True,False,FiM,13.9999976,,,,,,,,,,,,,,,,0.3096774193548387,0.6903225806451613,0.0,0.0
True,mp-1179275,Si4O9,Tetragonal,I4_1/amd,141,52,0.248455191474358,-2.7726198951923093,False,848.625214974505,2.006336512224447,0.0,False,True,FM,8.0011592,,,,,,,,,,,,,,,,0.3076923076923077,0.6923076923076923,0.0,0.0
True,mp-1179651,Si5O8,Triclinic,P1,1,26,0.303362755128205,-2.7177123315384613,False,502.089367918681,1.775486230907172,3.4528,False,False,NM,0.0008565,,,,,,,,,,,,,,,,0.3846153846153846,0.6153846153846154,0.0,0.0
True,mp-1173536,Si6O13,Monoclinic,Pm,6,76,0.823657225526316,-2.276919837105263,False,1299.6540560279852,1.924209263159746,0.0835,False,False,FiM,2.0022322,,,,,,,,,,,,,,,,0.3157894736842105,0.6842105263157895,0.0,0.0
True,mp-530027,Si6O13,Hexagonal,P6/mcc,192,76,0.340507516578949,-2.76006954605263,False,1448.5654012914977,1.726402115694977,2.0846,False,False,FM,3.9671351,,,,,,,,,,,,,,,,0.3157894736842105,0.6842105263157895,0.0,0.0
True,mp-673849,Si6O13,Monoclinic,Pm,6,76,0.9178731502631592,-2.182703912368421,False,1281.6903906413418,1.951178218837088,0.0451,True,False,FM,12.0,,,,,,,,,,,,,,,,0.3157894736842105,0.6842105263157895,0.0,0.0
True,mp-731864,Si6O13,Monoclinic,C2/m,12,38,0.199692423421053,-2.900884639210526,False,945.3496773982312,1.32268854229413,0.008799999999999,False,False,FM,4.005089,,,,,,,,,,,,,,,,0.3157894736842105,0.6842105263157895,0.0,0.0
True,mp-32761,SiO,Hexagonal,P6_422,181,12,0.407474125416666,-2.0471493825,False,170.2302929034805,2.58019994380181,0.0,False,True,NM,0.000218999999999,,,,,,,,,,,,,,,,0.5,0.5,0.0,0.0
True,mp-10064,SiO2,Cubic,Fm-3m,225,3,1.27794353388889,-1.99488781,False,24.06255942874775,4.146372204259828,1.739599999999999,False,False,NM,3.96e-05,,,,,,,-8.2,,,,,,,,,0.3333333333333333,0.6666666666666666,0.0,0.0
True,mp-1021503,SiO2,Cubic,Pn-3m,224,6,0.39713604888889,-2.875695295,False,55.17771207397914,3.616399587026764,4.528499999999999,False,False,NM,0.0007363,,,,,,,2.474,,,,,,,,,0.3333333333333333,0.6666666666666666,0.0,0.0
False,mp-1071820,SiO2,Orthorhombic,Ibam,72,6,0.442451675555556,-2.8303796683333333,False,81.9566954924866,2.434757208771468,4.716,False,False,NM,0.0,,,,,,,,,,,,,,,,0.3333333333333333,0.6666666666666666,0.0,0.0
False,mp-10851,SiO2,Hexagonal,P6_422,181,9,0.009073353333333,-3.263757990555557,False,122.89583673299464,2.435533950482232,5.5318000000000005,False,False,NM,0.0,,,,,,,,,,,,0.153285,4.521753753333923,2.169449583333922,2.35230417,0.3333333333333333,0.6666666666666666,0.0,0.0
False,mp-10948,SiO2,Orthorhombic,Pbcn,60,12,0.259839110555557,-3.012992233333333,False,94.6397959302569,4.216929108859675,5.2394,True,False,NM,0.0,,,,,,,,,,,,,,,,0.3333333333333333,0.6666666666666666,0.0,0.0
False,mp-11684,SiO2,Monoclinic,C2/c,15,24,0.013725869722224,-3.259105474166666,False,274.6752153163456,2.90589968123047,5.5458,False,False,NM,0.0,,,,,,,0.761,,,,,,,,,0.3333333333333333,0.6666666666666666,0.0,0.0
True,mp-1179447,SiO2,Tetragonal,I4_1/amd,141,24,0.023373383055556,-3.249457960833334,False,450.66383562966627,1.771117532682573,5.6304,True,False,NM,0.0,,,,,,,,,,,,,,,,0.3333333333333333,0.6666666666666666,0.0,0.0
True,mp-1179454,SiO2,Tetragonal,I4/mmm,139,12,0.018839073888889,-3.25399227,False,208.93271050213397,1.910133216362803,5.5301,False,False,NM,0.0,,,,,,,,,,,,,,,,0.3333333333333333,0.6666666666666666,0.0,0.0
True,mp-1179488,SiO2,Monoclinic,C2/m,12,84,1.100395276269842,-2.172436067619048,False,1416.845204234408,1.971722220504259,0.141899999999999,True,False,NM,0.021696399999999,,,,,,,,,,,,,,,,0.3333333333333333,0.6666666666666666,0.0,0.0
True,mp-1179529,SiO2,Tetragonal,P4_12_12,92,36,0.172682724166666,-3.100148619722223,False,955.7862229154616,1.2526524260754242,5.447599999999999,True,False,NM,0.0,,,,,,,,,,,,,,,,0.3333333333333333,0.6666666666666666,0.0,0.0
False,mp-1188220,SiO2,Cubic,I-43m,217,18,0.016530015555556,-3.256301328333334,False,354.50614748027886,1.688641987528753,5.451799999999999,True,False,NM,0.0,,,,,,,,,,,,,,,,0.3333333333333333,0.6666666666666666,0.0,0.0
False,mp-1195265,SiO2,Orthorhombic,Pnma,62,288,0.017651827291667,-3.255179516597223,False,5515.666927461928,1.7365340535461962,5.7794,True,False,NM,0.0014918,,,,,,,,,,,,,,,,0.3333333333333333,0.6666666666666666,0.0,0.0
False,mp-1199998,SiO2,Monoclinic,C2/m,12,114,0.026448057397661,-3.246383286491228,False,2504.259019772263,1.51396018465205,5.5867,True,False,NM,0.025126,,,,,,,,,,,,,,,,0.3333333333333333,0.6666666666666666,0.0,0.0
False,mp-1200292,SiO2,Monoclinic,P2_1/c,14,288,0.015922946006945,-3.256908397881944,False,5639.84386030652,1.698299400621277,5.700699999999999,True,False,NM,6.2e-06,,,,,,,,,,,,,,,,0.3333333333333333,0.6666666666666666,0.0,0.0
True,mp-1200685,SiO2,Orthorhombic,C222,21,48,0.106616179097223,-3.166215164791667,False,930.8185577021424,1.715003668599166,5.6843,True,False,NM,3.24e-05,,,,,,,,,,,,,,,,0.3333333333333333,0.6666666666666666,0.0,0.0
True,mp-1201738,SiO2,Monoclinic,P2_1/c,14,96,0.05155290263889,-3.22127844125,False,1138.3944584555557,2.804576619997105,5.5295,True,False,NM,0.0001702,,,,,,,,,,,,,,,,0.3333333333333333,0.6666666666666666,0.0,0.0
False,mp-1201887,SiO2,Hexagonal,P6/mcc,192,72,0.018133831250001,-3.254697512638888,False,1449.0212033247046,1.652519546570401,5.5322,True,False,NM,0.2358,,,,,,,,,,,,,,,,0.3333333333333333,0.6666666666666666,0.0,0.0
False,mp-1203655,SiO2,Tetragonal,P4/mbm,127,144,0.030771927847222,-3.242059416041667,False,2879.7391027423755,1.663022778423727,5.4771,False,False,NM,0.045984899999999,,,,,,,,,,,,,,,,0.3333333333333333,0.6666666666666666,0.0,0.0
True,mp-1204026,SiO2,Cubic,Ia-3d,230,144,0.311231427916668,-2.961599915972222,False,1880.9133606268977,2.546141584204552,4.1957,True,False,NM,0.043462799999999,,,,,,,,,,,,,,,,0.3333333333333333,0.6666666666666666,0.0,0.0
False,mp-1204057,SiO2,Hexagonal,P6/mmm,191,216,0.022583456759258,-3.250247887129631,False,4596.0252079832,1.563004391966636,5.6518,True,False,NM,0.0007576,,,,,,,,,,,,,,,,0.3333333333333333,0.6666666666666666,0.0,0.0
True,mp-1204070,SiO2,Triclinic,P-1,2,54,0.299474562962963,-2.973356780925927,False,625.7995292152056,2.869771887922255,4.4735,True,False,NM,0.0008627,,,,,,,,,,,,,,,,0.3333333333333333,0.6666666666666666,0.0,0.0
False,mp-1205213,SiO2,Orthorhombic,Pmmm,47,216,0.077389061481481,-3.195442282407409,False,4019.2529960822626,1.787299180387321,5.3103,True,False,NM,0.000278,,,,,,,,,,,,,,,,0.3333333333333333,0.6666666666666666,0.0,0.0
True,mp-12350,SiO2,Cubic,Fd-3m,227,24,0.139663453888891,-3.133167889999999,False,894.0721756823554,0.8927451746504801,6.220599999999999,False,False,NM,0.0001126,,,,,,,,,,,,,,,,0.3333333333333333,0.6666666666666666,0.0,0.0
True,mp-1244945,SiO2,Triclinic,P1,1,90,0.12089077388889,-3.15194057,False,1437.576563204275,2.082094202127012,5.016999999999999,True,False,NM,1.3e-05,,,,,,,,,,,,,,,,0.3333333333333333,0.6666666666666666,0.0,0.0
True,mp-1244965,SiO2,Triclinic,P1,1,102,0.183372667418302,-3.089458676470588,False,1643.3969532820545,2.064175140948997,1.5998,True,False,NM,0.0,,,,,,,,,,,,,,,,0.3333333333333333,0.6666666666666666,0.0,0.0
True,mp-1244968,SiO2,Triclinic,P1,1,102,0.252097646339869,-3.020733697549019,False,1686.757297142904,2.011112768518672,2.9151,False,False,NM,0.0,,,,,,,,,,,,,,,,0.3333333333333333,0.6666666666666666,0.0,0.0
True,mp-1245026,SiO2,Triclinic,P1,1,102,0.16427933006536,-3.108552013823529,False,1626.379605827913,2.085773287810811,1.9065,False,False,NM,0.0,,,,,,,,,,,,,,,,0.3333333333333333,0.6666666666666666,0.0,0.0
True,mp-1248957,SiO2,Monoclinic,C2/m,12,96,0.021579928680557,-3.251251415208333,False,1958.2377596671904,1.630401858383801,5.7415,True,False,NM,0.0001369,,,,,,,,,,,,,,,,0.3333333333333333,0.6666666666666666,0.0,0.0
True,mp-1249090,SiO2,Hexagonal,P6_3/m,176,102,0.022897851143792,-3.249933492745097,False,2397.1639803644493,1.41511351140876,5.7956,False,False,NM,0.0,,,,,,,,,,,,,,,,0.3333333333333333,0.6666666666666666,0.0,0.0
True,mp-1249332,SiO2,Hexagonal,P6_3/mmc,194,108,0.018392712407408,-3.254438631481482,False,2290.8196527728965,1.567912073953922,5.689,False,False,NM,4.02e-05,,,,,,,,,,,,,,,,0.3333333333333333,0.6666666666666666,0.0,0.0
True,mp-1249637,SiO2,Monoclinic,C2/m,12,168,0.0200612146627,-3.25277012922619,False,3652.8817645982786,1.529545904977355,5.6978,False,False,NM,0.0082125,,,,,,,,,,,,,,,,0.3333333333333333,0.6666666666666666,0.0,0.0
True,mp-1249969,SiO2,Triclinic,P-1,2,60,0.023595856722224,-3.249235487166667,False,1239.613003990601,1.609733477424321,5.6645,False,False,NM,0.0,,,,,,,,,,,,,,,,0.3333333333333333,0.6666666666666666,0.0,0.0
True,mp-1250261,SiO2,Hexagonal,P-6m2,187,54,0.021404721666668,-3.251426622222222,False,1117.7374250720209,1.606729680990202,5.7371,False,False,NM,0.0,,,,,,,,,,,,,,,,0.3333333333333333,0.6666666666666666,0.0,0.0
True,mp-1250551,SiO2,Orthorhombic,Cmce,64,336,0.018172296686508,-3.254659047202381,False,6193.29610405414,1.804289751542909,5.6892,True,False,NM,0.0003861,,,,,,,,,,,,,,,,0.3333333333333333,0.6666666666666666,0.0,0.0
True,mp-1250639,SiO2,Trigonal,R-3,148,360,0.014886152749999,-3.257945191138889,False,6978.668765898773,1.715610772064383,5.6677,True,False,NM,0.0040707,,,,,,,,,,,,,,,,0.3333333333333333,0.6666666666666666,0.0,0.0
True,mp-1256499,SiO2,Cubic,Ia-3d,230,144,0.062148829722222,-3.210682514166667,False,2667.211628136479,1.7955349599027102,5.9289000000000005,True,False,NM,0.0,,,,,,,,,,,,,,,,0.3333333333333333,0.6666666666666666,0.0,0.0
True,mp-1256614,SiO2,Hexagonal,P6_3/mmc,194,108,0.020718086666667,-3.252113257222223,False,2182.4754734551343,1.645747609317816,5.7551,True,False,NM,0.0001267,,,,,,,,,,,,,,,,0.3333333333333333,0.6666666666666666,0.0,0.0
True,mp-1257168,SiO2,Hexagonal,P6_122,178,180,0.028730030333335,-3.244101313555555,False,3789.280206941148,1.579809179526208,5.5917,False,False,NM,0.000207699999999,,,,,,,,,,,,,,,,0.3333333333333333,0.6666666666666666,0.0,0.0
True,mp-1258196,SiO2,Monoclinic,P2,3,102,0.012352554771242,-3.260478789117646,False,1905.0061861454424,1.780707675569273,5.6745,False,False,NM,0.0,,,,,,,,,,,,,,,,0.3333333333333333,0.6666666666666666,0.0,0.0
True,mp-1265115,SiO2,Tetragonal,I4/m,87,24,0.13149961888889,-3.141331724999999,False,382.1220971469442,2.088805192343382,5.5062000000000015,False,False,NM,0.0004388,,,,,,,,,,,,,,,,0.3333333333333333,0.6666666666666666,0.0,0.0
True,mp-1268079,SiO2,Monoclinic,P2_1/c,14,192,0.020523518524306,-3.252307825364583,False,3976.454661614391,1.605809573708311,5.6869,True,False,NM,0.0043092,,,,,,,,,,,,,,,,0.3333333333333333,0.6666666666666666,0.0,0.0
False,mp-12787,SiO2,Monoclinic,C2/c,15,18,0.002772185555556,-3.270059158333334,False,226.86213460666156,2.638756646234437,5.6273,False,False,NM,0.0,,,,,,,,,,,,,,,,0.3333333333333333,0.6666666666666666,0.0,0.0
True,mp-1353259,SiO2,Tetragonal,P4_32_12,96,36,0.170217465,-3.102613878888889,False,959.1858545861248,1.248212664125581,5.5258,True,False,NM,0.0,,,,,,,,,,,,,,,,0.3333333333333333,0.6666666666666666,0.0,0.0
True,mp-1365799,SiO2,Tetragonal,I4_1/amd,141,48,0.204473060138889,-3.06835828375,False,2791.3182624209176,0.571900833649414,5.793,True,False,NM,0.000927099999999,,,,,,,,,,,,,,,,0.3333333333333333,0.6666666666666666,0.0,0.0
True,mp-1398433,SiO2,Triclinic,P1,1,12,4.667274877222223,1.394443533333332,False,196.24950237551352,2.033581259998318,0.0,False,True,FM,0.1304518,,,,,,,,,,,,,,,,0.3333333333333333,0.6666666666666666,0.0,0.0
False,mp-15078,SiO2,Orthorhombic,Immm,71,54,0.017580407592593,-3.255250936296297,False,1013.8285367706784,1.771405944181861,5.8634,True,False,NM,0.0,,,,,,,1.304,,,,,,,,,0.3333333333333333,0.6666666666666666,0.0,0.0
False,mp-16964,SiO2,Orthorhombic,Cmc2_1,36,36,0.012128847222223,-3.2607024966666662,False,611.8792444208717,1.956706232252906,5.6779,False,False,NM,0.0,,,,,,,-7.17,,,,,0.112851587024586,3.535445393331544,1.5044869466648771,2.030958446666666,0.3333333333333333,0.6666666666666666,0.0,0.0
False,mp-17279,SiO2,Monoclinic,C2/m,12,48,0.020339974513889,-3.252491369375001,False,949.9220559167986,1.6805139235541442,5.7151,True,False,NM,0.0,,,,,,,,,,,,,,,,0.3333333333333333,0.6666666666666666,0.0,0.0
False,mp-17909,SiO2,Trigonal,R-3m,166,36,0.021387356666666,-3.251443987222224,False,791.7924070825253,1.512098272520732,5.8413,False,False,NM,0.0,,,,,,,,,,,,,2.889886729997641,1.111812423330974,1.778074306666666,0.3333333333333333,0.6666666666666666,0.0,0.0
False,mp-18280,SiO2,Monoclinic,C2/m,12,36,0.015797593611113,-3.257033750277777,False,700.448492349192,1.709287612182695,5.7361,False,False,NM,0.0,,,,,,,,,,,,,,,,0.3333333333333333,0.6666666666666666,0.0,0.0
True,mp-2374583,SiO2,Tetragonal,P4/nbm,125,48,0.15964837638889,-3.1131829675,False,606.6901160823915,2.6312563843426213,5.0006,False,False,NM,0.0,,,,,,,0.555,,,,,,,,,0.3333333333333333,0.6666666666666666,0.0,0.0
True,mp-32667,SiO2,Monoclinic,P2_1/c,14,18,0.246878567222223,-3.025952776666666,False,142.68007504336956,4.195638145622622,5.3845,True,False,NM,0.0,,,,,,,,,,,,,,,,0.3333333333333333,0.6666666666666666,0.0,0.0
False,mp-32895,SiO2,Cubic,Fd-3m,227,144,0.021919788194445,-3.250911555694444,False,3705.123529610678,1.292553861026408,5.8382000000000005,True,False,NM,0.0080945,,,,,,,,,,,,,,,,0.3333333333333333,0.6666666666666666,0.0,0.0
True,mp-34150,SiO2,Monoclinic,C2/m,12,48,0.346973946597223,-2.925857397291666,False,975.3631352517338,1.636679902657333,0.921899999999999,False,False,FM,4.1538003,,,,,,,,,,,,,,,,0.3333333333333333,0.6666666666666666,0.0,0.0
True,mp-530546,SiO2,Hexagonal,P6/m,175,162,0.017224509691358,-3.255606834197531,False,3291.457922045618,1.636875152850781,5.562,False,False,NM,0.0010975,,,,,,,,,,,,,,,,0.3333333333333333,0.6666666666666666,0.0,0.0
True,mp-532105,SiO2,Hexagonal,P6/mmm,191,162,0.017351781790125,-3.255479562098765,False,3340.514586474914,1.612837049436663,5.559,False,False,NM,0.000734,,,,,,,,,,,,,,,,0.3333333333333333,0.6666666666666666,0.0,0.0
False,mp-542814,SiO2,Orthorhombic,P2_12_12_1,19,72,0.007484036388891,-3.265347307499999,False,1071.0398743808114,2.235711217823113,5.5504,False,False,NM,0.0,,,,,,,,,,,,,,,,0.3333333333333333,0.6666666666666666,0.0,0.0
True,mp-545488,SiO2,Monoclinic,P2/c,13,12,0.703162019722223,-2.569669324166666,False,167.83259768202274,2.377901050372575,0.334499999999999,True,False,NM,0.0008627,,,,,,,,,,,,,,,,0.3333333333333333,0.6666666666666666,0.0,0.0
True,mp-545719,SiO2,Tetragonal,I4_122,98,12,0.155265748055557,-3.117565595833333,False,182.34174200091564,2.188688700324228,4.8294,True,False,NM,0.000453099999999,,,,,,,,,,,,,,,,0.3333333333333333,0.6666666666666666,0.0,0.0
True,mp-546546,SiO2,Trigonal,R32,155,9,0.041503442222225,-3.231327901666665,False,143.25857805247446,2.089347715195751,5.5604,True,False,NM,0.0,,,,,,,3.815,,,,,0.017662429423354,3.587685763333359,1.468358216666692,2.119327546666666,0.3333333333333333,0.6666666666666666,0.0,0.0
False,mp-546794,SiO2,Tetragonal,I-42d,122,6,0.005647450555557,-3.267183893333333,False,89.73893630609501,2.223612886125405,5.689599999999999,True,False,NM,0.0,,,,,,,0.783,,,,,0.15524,3.882460393333333,1.697372646666667,2.185087746666666,0.3333333333333333,0.6666666666666666,0.0,0.0
True,mp-553881,SiO2,Monoclinic,Pc,7,12,0.365867498055557,-2.9069638458333333,False,130.31812132494207,3.062423753943854,3.602,False,False,NM,9.220000000000005e-05,,,,,,,,,,,,,,,,0.3333333333333333,0.6666666666666666,0.0,0.0
False,mp-553945,SiO2,Orthorhombic,Pmn2_1,31,96,0.017066234826389,-3.2557651090625,False,1869.180923820624,1.7080821026103652,5.6921,True,False,NM,0.000568399999999,,,,,,,,,,,,,,,,0.3333333333333333,0.6666666666666666,0.0,0.0
True,mp-553993,SiO2,Tetragonal,I4_1/amd,141,48,0.046632540138888,-3.22619880375,False,1026.7860084529711,1.5547126938986482,5.6424,True,False,NM,0.0,,,,,,,,,,,,,,,,0.3333333333333333,0.6666666666666666,0.0,0.0
True,mp-554089,SiO2,Orthorhombic,Pna2_1,33,12,0.006757618888888,-3.266073725,False,176.75461740602768,2.257872049803831,5.660399999999999,False,False,NM,0.0,,,,,,,0.905,,,,,0.207599222782745,3.993373826666667,1.746660729999999,2.246713096666667,0.3333333333333333,0.6666666666666666,0.0,0.0
True,mp-554151,SiO2,Tetragonal,I-4,82,12,0.011899476388888,-3.2609318675,False,190.87298894974717,2.09086320967034,5.725199999999999,True,False,NM,0.0,,,,,,,,,,,,0.138269666799161,3.735785186400049,1.586923501912319,2.14886168448773,0.3333333333333333,0.6666666666666666,0.0,0.0
True,mp-554175,SiO2,Tetragonal,I4/mcm,140,48,0.103950170972224,-3.168881172916666,False,982.4600551391236,1.624857146007125,5.8291,False,False,NM,0.000721699999999,,,,,,,,,,,,,,,,0.3333333333333333,0.6666666666666666,0.0,0.0
True,mp-554243,SiO2,Hexagonal,P6_522,179,18,0.016906312222221,-3.255925031666667,False,323.3386765039466,1.85141465891091,5.627,False,False,NM,0.0,,,,,,,,,,,,0.00233,3.566901203345921,1.5662685633443991,2.000632640001521,0.3333333333333333,0.6666666666666666,0.0,0.0
True,mp-554258,SiO2,Tetragonal,I4/mcm,140,48,0.01763348013889,-3.25519786375,False,885.6804127110838,1.8024077515419812,5.522,False,False,NM,0.0,,,,,,,,,,,,,,,,0.3333333333333333,0.6666666666666666,0.0,0.0
False,mp-554267,SiO2,Tetragonal,I4_1/amd,141,48,0.021642432222224,-3.251188911666666,False,827.8350904618346,1.928351744994017,5.6328,False,False,NM,0.0,,,,,,,,,,,,,,,,0.3333333333333333,0.6666666666666666,0.0,0.0
True,mp-554397,SiO2,Orthorhombic,Pcca,54,24,0.6632534934722231,-2.609577850416666,False,328.57017651816955,2.42924853706417,1.1882,True,False,NM,0.0002272,,,,,,,,,,,,,,,,0.3333333333333333,0.6666666666666666,0.0,0.0
True,mp-554498,SiO2,Hexagonal,P622,177,36,0.8909161480555571,-2.381915195833333,False,583.3229747606287,2.052495757493227,0.5051,False,False,NM,8.170000000000002e-05,,,,,,,,,,,,,,,,0.3333333333333333,0.6666666666666666,0.0,0.0
True,mp-554543,SiO2,Tetragonal,I4/mcm,140,24,0.021344328472222,-3.251487015416666,False,437.40385752034615,1.824809285301174,5.6129,False,False,NM,0.0,,,,,,,,,,,,,3.472335723333332,1.494217759999999,1.9781179633333332,0.3333333333333333,0.6666666666666666,0.0,0.0
True,mp-554573,SiO2,Orthorhombic,Ama2,40,12,0.007466217222223,-3.265365126666667,False,180.8906829645195,2.206245804230383,5.6155,True,False,NM,0.0,,,,,,,0.368,,,,,0.102281820153442,3.89622179333707,1.709667990003737,2.186553803333332,0.3333333333333333,0.6666666666666666,0.0,0.0
True,mp-554665,SiO2,Tetragonal,P4_2/mcm,132,24,0.204917468472222,-3.067913875416666,False,376.9989517906709,2.117190556733614,5.0136,True,False,NM,0.0002612,,,,,,,,,,,,,,,,0.3333333333333333,0.6666666666666666,0.0,0.0
True,mp-554682,SiO2,Tetragonal,I-4,82,144,0.016516703125001,-3.256314640763888,False,2828.733456780571,1.693009184834473,5.8482,False,False,NM,0.0042368,,,,,,,,,,,,,,,,0.3333333333333333,0.6666666666666666,0.0,0.0
False,mp-554755,SiO2,Tetragonal,P4_2/mmc,131,96,0.023352432951389,-3.2494789109375,False,2179.0611935390584,1.4651788999708462,5.606400000000001,False,False,NM,0.0030125,,,,,,,,,,,,,,,,0.3333333333333333,0.6666666666666666,0.0,0.0
True,mp-554946,SiO2,Orthorhombic,Imm2,44,144,0.017064501111111,-3.255766842777778,False,2803.111568928227,1.708484163407446,5.8629999999999995,False,False,NM,4.43e-05,,,,,,,,,,,,,,,,0.3333333333333333,0.6666666666666666,0.0,0.0
True,mp-555147,SiO2,Monoclinic,Cc,9,12,0.081409212222222,-3.191422131666667,False,151.17718700140955,2.639877869344921,5.3545,False,False,NM,0.0,,,,,,,,,,,,0.320169018195966,4.742104846666667,2.271120503333333,2.470984343333333,0.3333333333333333,0.6666666666666666,0.0,0.0
True,mp-555165,SiO2,Tetragonal,I4_1/acd,142,48,0.02297408201389,-3.249857261875,False,634.6071915924107,2.515504492241322,5.7614,False,False,NM,0.0,,,,,,,,,,,,,,,,0.3333333333333333,0.6666666666666666,0.0,0.0
True,mp-555211,SiO2,Tetragonal,I4/mmm,139,48,0.019635544097223,-3.253195799791667,False,1031.2979769154574,1.547910765842822,5.6913,True,False,NM,0.0,,,,,,,,,,,,,,,,0.3333333333333333,0.6666666666666666,0.0,0.0
False,mp-555235,SiO2,Monoclinic,Cc,9,12,0.006908793055556,-3.265922550833333,False,181.81548762723517,2.195023732703494,5.5109,True,False,NM,0.0,,,,,,,,,,,,0.178388646017108,3.901121919982483,1.734318329985085,2.166803589997398,0.3333333333333333,0.6666666666666666,0.0,0.0
True,mp-555251,SiO2,Orthorhombic,Ima2,46,12,0.017512269722223,-3.255319074166665,False,214.59327273211113,1.8597475365084972,5.6355,False,False,NM,0.0,,,,,,,,,,,,0.29041116645198,3.381550799999999,1.37061043,2.01094037,0.3333333333333333,0.6666666666666666,0.0,0.0
True,mp-555355,SiO2,Hexagonal,P622,177,36,0.7983532308333341,-2.474478113055556,False,531.2082235056669,2.253858050320162,1.2633,False,False,NM,3.69e-05,,,,,,,,,,,,,,,,0.3333333333333333,0.6666666666666666,0.0,0.0
True,mp-555394,SiO2,Orthorhombic,Imma,74,48,4.788949200138889,1.516117856249999,False,2791.3182624209176,0.571900833649414,0.0,False,True,NM,0.0002968,,,,,,,,,,,,,,,,0.3333333333333333,0.6666666666666666,0.0,0.0
True,mp-555411,SiO2,Orthorhombic,Fddd,70,24,0.5571483005555571,-2.715683043333333,False,332.64645054288303,2.399480347158499,1.6065,True,False,NM,0.0007593,,,,,,,,,,,,,,,,0.3333333333333333,0.6666666666666666,0.0,0.0
True,mp-555483,SiO2,Orthorhombic,Fddd,70,12,0.013546909722222,-3.259284434166667,False,163.87165824864348,2.435377261571973,4.721699999999999,True,False,NM,0.0,,,,,,,2.323,,,,,,,,,0.3333333333333333,0.6666666666666666,0.0,0.0
True,mp-555497,SiO2,Cubic,Ia-3,206,72,0.255604781527779,-3.017226562361111,False,883.4958356924722,2.710296715787271,4.444000000000001,False,False,NM,0.0021354,,,,,,,,,,,,,,,,0.3333333333333333,0.6666666666666666,0.0,0.0
False,mp-555521,SiO2,Tetragonal,I4_1/amd,141,96,0.015517270138889,-3.25731407375,False,1879.2045489402703,1.6989712398893282,5.586699999999999,False,False,NM,0.0,,,,,,,,,,,,,,,,0.3333333333333333,0.6666666666666666,0.0,0.0
True,mp-555544,SiO2,Orthorhombic,Fddd,70,24,0.182747483472223,-3.090083860416667,False,396.0348781910594,2.015425066285736,4.325299999999999,True,False,NM,0.0016879,,,,,,,,,,,,,,,,0.3333333333333333,0.6666666666666666,0.0,0.0
True,mp-555556,SiO2,Tetragonal,P4_2/mbc,135,48,0.015909832013889,-3.2569215118750012,False,797.4473547466503,2.001834016700103,5.774,False,False,NM,0.0,,,,,,,,,,,,,,,,0.3333333333333333,0.6666666666666666,0.0,0.0
True,mp-555676,SiO2,Orthorhombic,Pnnn,48,24,0.254574167638891,-3.018257176249999,False,354.38506518289466,2.252291924936925,4.5916,True,False,NM,0.0,,,,,,,,,,,,,,,,0.3333333333333333,0.6666666666666666,0.0,0.0
True,mp-555700,SiO2,Tetragonal,I4_1/amd,141,48,0.017485710138889,-3.25534563375,False,862.5702190986093,1.850698303643686,5.5201,True,False,NM,0.0,,,,,,,,,,,,,,,,0.3333333333333333,0.6666666666666666,0.0,0.0
True,mp-555740,SiO2,Cubic,Ia-3,206,24,0.022304727222222,-3.250526616666667,False,301.3608426962711,2.648581061455718,5.8478,False,False,NM,0.0,,,,,,,,,,,,,,,,0.3333333333333333,0.6666666666666666,0.0,0.0
True,mp-555791,SiO2,Cubic,Im-3m,229,144,0.046289922152778,-3.226541421736111,False,4328.928357687431,1.106294982977371,5.847799999999999,True,False,NM,0.0010069,,,,,,,,,,,,,,,,0.3333333333333333,0.6666666666666666,0.0,0.0
True,mp-555823,SiO2,Hexagonal,P622,177,36,0.7911390030555571,-2.481692340833333,False,558.4637310052392,2.143859779021687,1.235,False,False,NM,8.8e-06,,,,,,,,,,,,,,,,0.3333333333333333,0.6666666666666666,0.0,0.0
False,mp-555891,SiO2,Monoclinic,P2_1,4,12,0.007827974999999,-3.2593559183333323,False,200.27763781191564,1.992680334534561,5.3872,False,False,NM,0.0002447,,,,,,,,,,,,0.137774509253344,3.880904886666666,1.765722673333333,2.115182213333333,0.3333333333333333,0.6666666666666666,0.0,0.0
True,mp-555960,SiO2,Triclinic,P-1,2,48,0.262180292013889,-3.010651051875,False,1702.291483475245,0.937769622156823,5.4799,False,False,NM,0.0001761,,,,,,,,,,,,,,,,0.3333333333333333,0.6666666666666666,0.0,0.0
True,mp-556027,SiO2,Trigonal,R-3c,167,18,0.529190332777779,-2.743641011111111,False,368.7387299699159,1.623463761241191,2.9032,True,False,NM,0.000142099999999,,,,,,,,,,,,,,,,0.3333333333333333,0.6666666666666666,0.0,0.0
True,mp-556044,SiO2,Trigonal,P-31c,163,36,1.457366039444445,-1.815465304444444,False,680.6492033035814,1.7590087891581891,0.0,False,True,NM,0.0010179,,,,,,,,,,,,,,,,0.3333333333333333,0.6666666666666666,0.0,0.0
True,mp-556068,SiO2,Cubic,Im-3m,229,72,0.140534533194445,-3.132296810694443,False,3145.5886997079538,0.761236159740577,6.3102,False,False,NM,0.021082999999999,,,,,,,,,,,,,,,,0.3333333333333333,0.6666666666666666,0.0,0.0
True,mp-556088,SiO2,Orthorhombic,Ccce,68,48,0.107108276805556,-3.165723067083333,False,929.5691816796422,1.717308698180908,5.6778,True,False,NM,3.799999999999998e-06,,,,,,,,,,,,,,,,0.3333333333333333,0.6666666666666666,0.0,0.0
True,mp-556132,SiO2,Orthorhombic,Pcca,54,24,0.196783325555557,-3.076048018333332,False,273.77741366819885,2.915429033883058,4.5112,False,False,NM,0.0,,,,,,,,,,,,,,,,0.3333333333333333,0.6666666666666666,0.0,0.0
False,mp-556218,SiO2,Orthorhombic,Cmc2_1,36,36,0.012897781944445,-3.259933561944445,False,615.72736481063,1.944477376464736,5.5973,True,False,NM,0.0,,,,,,,,,,,,0.094646289414852,3.51021101,1.499099196666666,2.011111813333333,0.3333333333333333,0.6666666666666666,0.0,0.0
True,mp-556257,SiO2,Cubic,Fd-3c,228,144,0.41891649138889,-2.853914852499999,False,2664.9348438909233,1.797068973283346,3.6775,False,False,NM,0.031032599999999,,,,,,,,,,,,,,,,0.3333333333333333,0.6666666666666666,0.0,0.0
False,mp-556262,SiO2,Triclinic,P-1,2,48,0.018816912013889,-3.254014431875001,False,930.0985084431348,1.716331363579386,5.974,False,False,NM,0.0,,,,,,,,,,,,,,,,0.3333333333333333,0.6666666666666666,0.0,0.0
True,mp-556319,SiO2,Triclinic,P1,1,12,0.127773443055557,-3.145057900833333,False,173.32150121956357,2.302595508962697,5.2035,False,False,NM,0.0002058,,,,,,,,,,,,0.203404287917001,4.312628696666668,2.00486001,2.307768686666667,0.3333333333333333,0.6666666666666666,0.0,0.0
True,mp-556376,SiO2,Monoclinic,P2,3,12,0.42902559138889,-2.8438057525,False,147.6418449960055,2.703090782465074,2.7482,False,False,NM,0.0005652,,,,,,,,,,,,,,,,0.3333333333333333,0.6666666666666666,0.0,0.0
False,mp-556454,SiO2,Orthorhombic,C222,21,48,0.011794062638889,-3.2610372812499993,False,841.3671147115384,1.897337337467328,5.568099999999999,True,False,NM,0.0,,,,,,,,,,,,,,,,0.3333333333333333,0.6666666666666666,0.0,0.0
True,mp-556464,SiO2,Trigonal,P-31c,163,36,0.245938782500001,-3.026892561388889,False,449.0401358715822,2.666282666738986,4.035,True,False,NM,0.0,,,,,,,0.399,,,,,,,,,0.3333333333333333,0.6666666666666666,0.0,0.0
False,mp-556469,SiO2,Triclinic,P-1,2,48,0.015928456805555,-3.256902887083333,False,900.8671397311537,1.772022944177718,5.696199999999999,False,False,NM,0.0,,,,,,,,,,,,,,,,0.3333333333333333,0.6666666666666666,0.0,0.0
True,mp-556537,SiO2,Cubic,I2_13,199,36,0.252104360277778,-3.020726983611111,False,527.4512983330652,2.269911809352473,4.7217,False,False,NM,0.0485081,,,,,,,,,,,,,,,,0.3333333333333333,0.6666666666666666,0.0,0.0
True,mp-556553,SiO2,Monoclinic,C2,5,12,0.085701673888889,-3.187129669999999,False,155.9216881954196,2.5595497004538172,5.1327,True,False,NM,0.0,,,,,,,,,,,,0.19120357021507,4.707034143333334,2.26702855,2.440005593333333,0.3333333333333333,0.6666666666666666,0.0,0.0
True,mp-556564,SiO2,Tetragonal,P4/nnc,126,48,1.090000236388889,-2.1828311075,False,625.4731573555706,2.55223940865596,0.302,True,False,NM,4.1100000000000016e-05,,,,,,,,,,,,,,,,0.3333333333333333,0.6666666666666666,0.0,0.0
True,mp-556588,SiO2,Triclinic,P1,1,12,0.308851838888889,-2.9639795049999993,False,134.1478516278855,2.974995912881846,4.0078,False,False,NM,0.0034059,,,,,,,,,,,,0.595188472543431,6.32101793,3.431575693333334,2.889442236666667,0.3333333333333333,0.6666666666666666,0.0,0.0
False,mp-556591,SiO2,Orthorhombic,Fmmm,69,54,0.020681107777779,-3.252150236111111,False,1073.182049275217,1.6734363919240511,5.873200000000001,False,False,NM,0.0,,,,,,,,,,,,,,,,0.3333333333333333,0.6666666666666666,0.0,0.0
False,mp-556654,SiO2,Monoclinic,P2_1/c,14,72,0.012054572222224,-3.260776771666666,False,1149.5266385915536,2.08306252460832,5.606999999999999,True,False,NM,0.0,,,,,,,,,,,,,,,,0.3333333333333333,0.6666666666666666,0.0,0.0
True,mp-556662,SiO2,Monoclinic,C2,5,12,0.067856033055557,-3.204975310833333,False,171.58120415192076,2.325950049642265,5.565300000000001,False,False,NM,0.0,,,,,,,,,,,,,,,,0.3333333333333333,0.6666666666666666,0.0,0.0
True,mp-556788,SiO2,Triclinic,P1,1,12,0.247048454722223,-3.025782889166667,False,148.001516429148,2.696521765071871,4.7965,False,False,NM,0.000275099999999,,,,,,,3.136,,,,,0.271434596545467,4.78285675,2.190450513333333,2.592406236666667,0.3333333333333333,0.6666666666666666,0.0,0.0
True,mp-556812,SiO2,Trigonal,R-3c,167,18,0.295285254444445,-2.977546089444444,False,208.1795676286044,2.875565418313443,5.0183,True,False,NM,0.0012855,,,,,,,,,,,,,,,,0.3333333333333333,0.6666666666666666,0.0,0.0
True,mp-556880,SiO2,Triclinic,P1,1,12,0.151594757222223,-3.121236586666666,False,177.70472754585288,2.245800186783794,5.0612,False,False,NM,0.000710399999999,,,,,,,,,,,,0.270207687339342,4.24794759,1.975965796666666,2.271981793333333,0.3333333333333333,0.6666666666666666,0.0,0.0
True,mp-556882,SiO2,Monoclinic,P2_1/c,14,48,0.010804162430556,-3.262027181458334,False,613.8312638612458,2.6006450554793012,5.6423,False,False,NM,0.0,,,,,,,,,,,,,,,,0.3333333333333333,0.6666666666666666,0.0,0.0
False,mp-556961,SiO2,Orthorhombic,P2_12_12_1,19,24,0.008716009305556,-3.264115334583334,False,338.08794787234274,2.360860911052234,5.4877,True,False,NM,0.0,,,,,,,,,,,,0.028799999999999,3.888362953333333,1.7458230466666662,2.142539906666666,0.3333333333333333,0.6666666666666666,0.0,0.0
True,mp-556963,SiO2,Trigonal,P-31m,162,36,0.149604775833333,-3.123226568055556,False,530.9214200654055,2.255075583119296,5.4127,False,False,NM,3.9500000000000005e-05,,,,,,,,,,,,,,,,0.3333333333333333,0.6666666666666666,0.0,0.0
True,mp-556985,SiO2,Triclinic,P1,1,12,0.053084267222223,-3.219747076666666,False,204.00995306334,1.956224705325687,5.6098,False,False,NM,0.0,,,,,,,,,,,,0.18203864780521,3.467680663333333,1.407077793333333,2.06060287,0.3333333333333333,0.6666666666666666,0.0,0.0
True,mp-556994,SiO2,Triclinic,P1,1,12,0.088277768055556,-3.184553575833334,False,172.01787050528444,2.320045639110383,5.3836,True,False,NM,0.0,,,,,,,,,,,,0.12895313830384,3.944354276666667,1.674148106666667,2.27020617,0.3333333333333333,0.6666666666666666,0.0,0.0
True,mp-557004,SiO2,Triclinic,P1,1,36,0.020841848333333,-3.251989495555557,False,668.6114592363509,1.790678150075335,5.5806,False,False,NM,0.0,,,,,,,,,,,,,,,,0.3333333333333333,0.6666666666666666,0.0,0.0
True,mp-557017,SiO2,Tetragonal,P4/nnc,126,48,0.5266905968055571,-2.746140747083333,False,656.8963091061819,2.430151028602173,2.5295,True,False,NM,9.19e-05,,,,,,,,,,,,,,,,0.3333333333333333,0.6666666666666666,0.0,0.0
True,mp-557024,SiO2,Cubic,Pm-3n,223,144,0.070882095694445,-3.201949248194445,False,2914.4062288291093,1.643240971833268,5.9023,True,False,NM,0.0,,,,,,,,,,,,,,,,0.3333333333333333,0.6666666666666666,0.0,0.0
True,mp-557076,SiO2,Trigonal,R-3c,167,36,0.290766749444445,-2.982064594444445,False,554.3252282699633,2.159865490302806,4.0901,True,False,NM,0.0011769,,,,,,,,,,,,,,,,0.3333333333333333,0.6666666666666666,0.0,0.0
True,mp-557118,SiO2,Orthorhombic,C222_1,20,12,0.019075217222223,-3.253756126666667,False,164.08651899931755,2.432188291571348,5.4995,True,False,NM,0.0,,,,,,,,,,,,0.143392064014015,4.374398770000265,2.015143236666937,2.359255533333327,0.3333333333333333,0.6666666666666666,0.0,0.0
True,mp-557134,SiO2,Monoclinic,C2,5,12,0.095042920555556,-3.1777884233333342,False,173.91649427006328,2.294718002394417,5.4646,False,False,NM,0.0,,,,,,,,,,,,0.089990418245689,3.749960446666667,1.51335696,2.236603486666667,0.3333333333333333,0.6666666666666666,0.0,0.0
True,mp-557194,SiO2,Trigonal,P-31m,162,18,1.262009241666668,-2.010822102222222,False,287.2441466074515,2.084059753845407,0.0,False,True,NM,0.3341708,,,,,,,,,,,,,,,,0.3333333333333333,0.6666666666666666,0.0,0.0
True,mp-557211,SiO2,Hexagonal,P6_3/mcm,193,72,0.018907765972221,-3.253923577916668,False,1449.8689797379425,1.651553275056509,5.5612,True,False,NM,0.0,,,,,,,,,,,,,,,,0.3333333333333333,0.6666666666666666,0.0,0.0
True,mp-557244,SiO2,Orthorhombic,I2_12_12_1,24,12,0.18253721388889,-3.09029413,False,153.76847183578997,2.595391015793074,5.1733,False,False,NM,0.0,,,,,,,,,,,,0.13304,4.557305393333333,2.049741156666666,2.507564236666667,0.3333333333333333,0.6666666666666666,0.0,0.0
True,mp-557264,SiO2,Orthorhombic,Cmc2_1,36,48,0.011199296805557,-3.261632047083333,False,773.3316593746347,2.064259521652424,5.6152000000000015,False,False,NM,0.0,,,,,,,,,,,,,,,,0.3333333333333333,0.6666666666666666,0.0,0.0
True,mp-557465,SiO2,Orthorhombic,Pccn,56,24,0.013800840138889,-3.259030503749999,False,325.2614730150914,2.453959927164954,5.6798,True,False,NM,0.0,,,,,,,,,,,,,4.517771493333334,2.154849693333333,2.3629218,0.3333333333333333,0.6666666666666666,0.0,0.0
True,mp-557591,SiO2,Cubic,Pm-3n,223,72,0.071399671249999,-3.201431672638889,False,1258.1348693553516,1.903242585682376,5.7214,True,False,NM,0.0,,,,,,,,,,,,,,,,0.3333333333333333,0.6666666666666666,0.0,0.0
True,mp-557653,SiO2,Monoclinic,Pm,6,12,0.302640154722224,-2.970191189166666,False,142.96137709999263,2.791588318540758,4.1137999999999995,False,False,NM,0.0003336,,,,,,,,,,,,0.40625443006382,5.351426683333334,2.6162737033333343,2.73515298,0.3333333333333333,0.6666666666666666,0.0,0.0
True,mp-557723,SiO2,Hexagonal,P6_422,181,36,0.280618128333333,-2.992213215555555,False,554.7872442736806,2.158066796420247,3.5601000000000003,True,False,NM,2.4100000000000003e-05,,,,,,,,,,,,0.0659,5.078722923335735,2.790739360002401,2.287983563333333,0.3333333333333333,0.6666666666666666,0.0,0.0
True,mp-557771,SiO2,Trigonal,R-3c,167,36,0.6158921225,-2.656939221388889,False,787.9776821972209,1.5194185799856932,2.4357,True,False,NM,9.37e-05,,,,,,,,,,,,,,,,0.3333333333333333,0.6666666666666666,0.0,0.0
True,mp-557814,SiO2,Cubic,Pm-3n,223,144,0.7114226436111111,-2.561408700277778,False,2295.777288002131,2.086034977698425,1.4092,True,False,NM,0.012697799999999,,,,,,,,,,,,,,,,0.3333333333333333,0.6666666666666666,0.0,0.0
True,mp-557837,SiO2,Monoclinic,C2/c,15,12,0.008337957222222,-3.264493386666667,False,174.80622707484122,2.283038293275298,5.6449,True,False,NM,0.0,,,,,,,2.918,,,,,,4.142990917307915,1.887504951996488,2.255485965311426,0.3333333333333333,0.6666666666666666,0.0,0.0
True,mp-557873,SiO2,Triclinic,P1,1,12,0.065522978888891,-3.207308364999999,False,196.24951180118808,2.033581162327374,5.6607,False,False,NM,0.0002014,,,,,,,,,,,,,,,,0.3333333333333333,0.6666666666666666,0.0,0.0
False,mp-557881,SiO2,Monoclinic,Cm,8,36,0.020218251944445,-3.252613091944445,False,677.9628519245057,1.765978663205341,5.6379,False,False,NM,0.0,,,,,,,,,,,,0.102141143150354,3.249876163326262,1.320911443326262,1.92896472,0.3333333333333333,0.6666666666666666,0.0,0.0
False,mp-557894,SiO2,Monoclinic,P2_1/m,11,96,0.021515728680556,-3.251315615208332,False,1940.8424298889604,1.645014779845564,5.9287,True,False,NM,0.032930299999999,,,,,,,,,,,,,,,,0.3333333333333333,0.6666666666666666,0.0,0.0
True,mp-557930,SiO2,Tetragonal,I-42m,121,24,0.03198936263889,-3.24084198125,False,345.2900991106816,2.311617456409678,5.8743,False,False,NM,0.0,,,,,,,,,,,,0.039015,4.089214866666666,1.831821863333333,2.2573930033333323,0.3333333333333333,0.6666666666666666,0.0,0.0
False,mp-557933,SiO2,Orthorhombic,Imma,74,72,0.013428656111111,-3.259402687777778,False,1242.0495713047258,1.927890735772864,5.5687999999999995,False,False,NM,0.0,,,,,,,,,,,,,,,,0.3333333333333333,0.6666666666666666,0.0,0.0
False,mp-558025,SiO2,Orthorhombic,Pnnm,58,108,0.016457801296297,-3.256373542592593,False,1971.8196554602207,1.821568104814957,5.897799999999999,True,False,NM,0.0,,,,,,,,,,,,,,,,0.3333333333333333,0.6666666666666666,0.0,0.0
False,mp-558115,SiO2,Trigonal,R-3,148,120,0.014243696222223,-3.258587647666667,False,2347.133906009527,1.700326126656106,5.6668,False,False,NM,0.120655199999999,,,,,,,,,,,,,,,,0.3333333333333333,0.6666666666666666,0.0,0.0
True,mp-558200,SiO2,Tetragonal,P-4n2,118,24,0.07261927013889,-3.20021207375,False,330.74016087901987,2.413310250887983,5.642899999999999,False,False,NM,0.0,,,,,,,,,,,,0.02308,4.2445686,1.923640526666666,2.320928073333333,0.3333333333333333,0.6666666666666666,0.0,0.0
True,mp-558203,SiO2,Tetragonal,P4/mbm,127,96,0.08890391388889,-3.183927429999999,False,2487.656069956964,1.283422785439126,6.021100000000001,True,False,NM,0.0024713,,,,,,,,,,,,,,,,0.3333333333333333,0.6666666666666666,0.0,0.0
True,mp-558301,SiO2,Monoclinic,C2/m,12,48,0.212534480347223,-3.060296863541667,False,982.7912801706008,1.624309528857694,5.6614,False,False,NM,5.299999999999997e-06,,,,,,,,,,,,,,,,0.3333333333333333,0.6666666666666666,0.0,0.0
False,mp-558326,SiO2,Orthorhombic,Imma,74,108,0.01673458074074,-3.256096763148149,False,2052.350907600449,1.750092432796004,5.6066,False,False,NM,4.2300000000000005e-05,,,,,,,,,,,,,,,,0.3333333333333333,0.6666666666666666,0.0,0.0
False,mp-558351,SiO2,Monoclinic,C2/m,12,36,0.020171367222223,-3.252659976666665,False,679.5184229264298,1.761935939556042,5.626799999999999,False,False,NM,0.0,,,,,,,,,,,,,,,,0.3333333333333333,0.6666666666666666,0.0,0.0
True,mp-558366,SiO2,Orthorhombic,Pban,50,24,0.791642856805556,-2.481188487083333,False,333.90122828430015,2.390463265831626,1.382099999999999,False,False,NM,1.899999999999999e-06,,,,,,,,,,,,,,,,0.3333333333333333,0.6666666666666666,0.0,0.0
True,mp-558374,SiO2,Cubic,Pa-3,205,72,0.039755079722223,-3.233076264166667,False,1136.598478246233,2.10675617442652,5.6839,True,False,NM,0.0,,,,,,,,,,,,,,,,0.3333333333333333,0.6666666666666666,0.0,0.0
True,mp-558564,SiO2,Monoclinic,C2/m,12,36,0.065499767777778,-3.207331576111112,False,687.6481930085286,1.741105325539145,5.683,True,False,NM,0.0,,,,,,,,,,,,,,,,0.3333333333333333,0.6666666666666666,0.0,0.0
True,mp-558569,SiO2,Trigonal,R-3,148,72,0.078613419166668,-3.194217924722222,False,1088.8784726725698,2.199084582884471,5.738099999999999,False,False,NM,1.26e-05,,,,,,,,,,,,,,,,0.3333333333333333,0.6666666666666666,0.0,0.0
True,mp-558598,SiO2,Cubic,I432,211,36,1.818576590277778,-1.454254753611111,False,623.5471291972076,1.92009212276537,0.0,False,True,NM,1.0008782,,,,,,,,,,,,,,,,0.3333333333333333,0.6666666666666666,0.0,0.0
True,mp-558733,SiO2,Monoclinic,C2/c,15,18,0.263691402777778,-3.009139941111111,False,146.84351579327443,4.07667960167212,5.29,False,False,NM,0.0,,,,,,,0.025,,,,,,,,,0.3333333333333333,0.6666666666666666,0.0,0.0
True,mp-558891,SiO2,Cubic,Ia-3d,230,36,0.013163306388889,-3.259668037500001,False,519.885680724408,2.302944619048264,5.6471,False,False,NM,0.0,,,,,,,,,,,,,4.146221963212938,1.8852565198796132,2.260965443333325,0.3333333333333333,0.6666666666666666,0.0,0.0
True,mp-558931,SiO2,Cubic,Fm-3c,226,144,0.26853714826389,-3.004294195625,False,2537.830345237013,1.887073236698498,4.6434,True,False,NM,0.008463199999999,,,,,,,,,,,,,,,,0.3333333333333333,0.6666666666666666,0.0,0.0
True,mp-558947,SiO2,Tetragonal,P4/nmm,129,144,0.015424627569446,-3.257406716319444,False,2882.1176314910276,1.661650333577991,5.7972,False,False,NM,0.0001704,,,,,,,,,,,,,,,,0.3333333333333333,0.6666666666666666,0.0,0.0
False,mp-559091,SiO2,Hexagonal,P6_322,182,12,0.011257474722222,-3.261573869166666,False,190.4517339642055,2.095487932863067,5.4377,False,False,NM,0.0,,,,,,,,,,,,0.031965,3.840187806659072,1.6945213633257392,2.145666443333333,0.3333333333333333,0.6666666666666666,0.0,0.0
True,mp-559273,SiO2,Hexagonal,P6_222,180,72,0.215289635416668,-3.057541708472222,False,3404.9780171456155,0.703245615634362,5.66,True,False,NM,0.03087,,,,,,,,,,,,,,,,0.3333333333333333,0.6666666666666666,0.0,0.0
True,mp-559313,SiO2,Orthorhombic,Cmce,64,24,0.017870901805556,-3.254960442083334,False,415.72569753816936,1.919964595299994,5.5709,True,False,NM,0.0,,,,,,,,,,,,,3.66479522333305,1.623709069999726,2.041086153333323,0.3333333333333333,0.6666666666666666,0.0,0.0
True,mp-559347,SiO2,Tetragonal,P4_2/nbc,133,48,0.018643103680556,-3.254188240208333,False,651.8078430128619,2.449122480454502,5.3784,False,False,NM,0.0,,,,,,,,,,,,,,,,0.3333333333333333,0.6666666666666666,0.0,0.0
True,mp-559360,SiO2,Monoclinic,P2_1/m,11,72,0.017097599722223,-3.255733744166666,False,1394.5306514526335,1.717090878852131,5.7962,False,False,NM,0.0,,,,,,,,,,,,,,,,0.3333333333333333,0.6666666666666666,0.0,0.0
True,mp-559389,SiO2,Trigonal,R-3,148,18,0.25770770611111,-3.015123637777778,False,220.28095929405077,2.717592874984484,4.3826,True,False,NM,0.0004544,,,,,,,,,,,,,,,,0.3333333333333333,0.6666666666666666,0.0,0.0
False,mp-559550,SiO2,Trigonal,R-3,148,18,0.015880222222222,-3.256951121666668,False,320.3938970843026,1.868431237049268,5.6097,False,False,NM,0.0,,,,,,,,,,,,,,,,0.3333333333333333,0.6666666666666666,0.0,0.0
True,mp-559605,SiO2,Trigonal,R-3m,166,18,0.238961708333334,-3.033869635555556,False,307.13755345210785,1.9490744741040111,4.0451,False,False,NM,0.000223399999999,,,,,,,,,,,,,,,,0.3333333333333333,0.6666666666666666,0.0,0.0
True,mp-559740,SiO2,Hexagonal,P6_3/mmc,194,36,0.058598913055554,-3.214232430833335,False,887.7297191306384,1.348685196792796,5.7109000000000005,True,False,NM,0.0,,,,,,,,,,,,,,,,0.3333333333333333,0.6666666666666666,0.0,0.0
True,mp-559829,SiO2,Cubic,Ia-3d,230,144,0.142313627361112,-3.130517716527777,False,4592.44675251133,1.04281486141548,6.2211,True,False,NM,0.0026546,,,,,,,,,,,,,,,,0.3333333333333333,0.6666666666666666,0.0,0.0
True,mp-559860,SiO2,Orthorhombic,Ccce,68,24,0.166029211805556,-3.1068021320833332,False,375.0800165400701,2.128022249738835,4.8159,False,False,NM,0.0,,,,,,,,,,,,,,,,0.3333333333333333,0.6666666666666666,0.0,0.0
False,mp-559872,SiO2,Tetragonal,P4_32_12,96,36,0.009408042222222,-3.263423301666668,False,491.8160806383052,2.4343814244354123,5.610600000000001,False,False,NM,0.0,,,,,,,,,,,,0.008525,4.460121126666667,2.116793493333334,2.343327633333333,0.3333333333333333,0.6666666666666666,0.0,0.0
True,mp-559928,SiO2,Hexagonal,P6_3/mmc,194,18,0.041922820000001,-3.230908523888887,False,377.8869264608092,1.58416161966467,5.4895,True,False,NM,0.0,,,,,,,,,,,,,2.989561233334245,1.158263176667578,1.8312980566666672,0.3333333333333333,0.6666666666666666,0.0,0.0
True,mp-559962,SiO2,Cubic,Fm-3m,225,72,0.041779276666668,-3.231052067222221,False,1738.655360593452,1.37723433646546,5.677099999999999,False,False,NM,0.0,,,,,,,,,,,,,,,,0.3333333333333333,0.6666666666666666,0.0,0.0
False,mp-560064,SiO2,Monoclinic,C2/c,15,96,0.020003701909724,-3.252827641979166,False,2137.6547994604152,1.493559429391789,5.7215,False,False,NM,0.0001181,,,,,,,,,,,,,,,,0.3333333333333333,0.6666666666666666,0.0,0.0
True,mp-560131,SiO2,Tetragonal,I-42m,121,24,0.097420526805557,-3.175410817083333,False,431.1930071690753,1.851093610886656,5.7724,True,False,NM,0.001133699999999,,,,,,,,,,,,,,,,0.3333333333333333,0.6666666666666666,0.0,0.0
True,mp-560152,SiO2,Tetragonal,P-42_1c,114,48,0.103625782847222,-3.169205561041666,False,697.8779821298881,2.287444628052826,5.6007,True,False,NM,0.0,,,,,,,,,,,,,,,,0.3333333333333333,0.6666666666666666,0.0,0.0
False,mp-560155,SiO2,Monoclinic,P2/c,13,54,0.027114811666667,-3.245716532222223,False,1022.4708873192304,1.7564332820520412,5.8378,False,False,NM,0.0,,,,,,,,,,,,,,,,0.3333333333333333,0.6666666666666666,0.0,0.0
True,mp-560203,SiO2,Orthorhombic,Pbcn,60,36,0.029665876944445,-3.243165466944444,False,439.0425829752664,2.726997283113123,5.7073,True,False,NM,0.0,,,,,,,0.581,,,,,,4.841406926666667,2.32505012,2.516356806666667,0.3333333333333333,0.6666666666666666,0.0,0.0
False,mp-560336,SiO2,Orthorhombic,Imma,74,96,0.018429731805555,-3.254401612083333,False,1943.831656072185,1.6424850745409172,5.5922,False,False,NM,4.59e-05,,,,,,,,,,,,,,,,0.3333333333333333,0.6666666666666666,0.0,0.0
True,mp-560527,SiO2,Orthorhombic,Cmcm,63,24,0.019028667222222,-3.253802676666667,False,444.9913436072388,1.793694713608121,5.3948,True,False,NM,0.0,,,,,,,,,,,,,3.369903816672321,1.415346236672322,1.954557579999998,0.3333333333333333,0.6666666666666666,0.0,0.0
True,mp-560708,SiO2,Monoclinic,P2/m,10,84,0.015350694722222,-3.257480649166666,False,1577.8649602376963,1.770509671361885,5.819199999999999,True,False,NM,3.0000000000000004e-05,,,,,,,,,,,,,,,,0.3333333333333333,0.6666666666666666,0.0,0.0
True,mp-560754,SiO2,Tetragonal,P4/nbm,125,48,0.53463938951389,-2.738191954374999,False,669.7213451671146,2.383614099773126,1.36,False,False,NM,1.9200000000000003e-05,,,,,,,,,,,,,,,,0.3333333333333333,0.6666666666666666,0.0,0.0
False,mp-560809,SiO2,Orthorhombic,Cmcm,63,72,0.016937440694444,-3.255893903194445,False,1292.187661827894,1.8530867710822991,5.6711,True,False,NM,0.0,,,,,,,,,,,,,,,,0.3333333333333333,0.6666666666666666,0.0,0.0
False,mp-560826,SiO2,Orthorhombic,Cmcm,63,36,0.017836954166666,-3.254994389722223,False,652.5514300897374,1.8347487657484312,5.4244,False,False,NM,0.0,,,,,,,,,,,,,,,,0.3333333333333333,0.6666666666666666,0.0,0.0
True,mp-560836,SiO2,Cubic,P23,195,36,0.228516128611111,-3.044315215277778,False,679.9226719388113,1.760888377983468,5.1243,False,False,NM,0.0004106,,,,,,,,,,,,0.01438,3.218294023333333,1.244995033333333,1.97329899,0.3333333333333333,0.6666666666666666,0.0,0.0
False,mp-560920,SiO2,Orthorhombic,Cmcm,63,96,0.01725330326389,-3.255578040625,False,1955.2932229150797,1.632857131146196,5.7859,True,False,NM,0.003130199999999,,,,,,,,,,,,,,,,0.3333333333333333,0.6666666666666666,0.0,0.0
False,mp-560941,SiO2,Orthorhombic,Cmcm,63,96,0.016893901597223,-3.255937442291666,False,2048.119144742854,1.558851930423007,5.771100000000001,False,False,NM,0.0155304,,,,,,,,,,,,,,,,0.3333333333333333,0.6666666666666666,0.0,0.0
True,mp-560954,SiO2,Tetragonal,I4_122,98,24,0.174856445555557,-3.097974898333333,False,383.6623385182876,2.080419526483269,4.5273,True,False,NM,0.0009678,,,,,,,,,,,,,,,,0.3333333333333333,0.6666666666666666,0.0,0.0
False,mp-560973,SiO2,Orthorhombic,Cmcm,63,54,0.03480365,-3.2380276938888892,False,992.3357270046496,1.809772486815204,5.6019,True,False,NM,0.0,,,,,,,,,,,,,,,,0.3333333333333333,0.6666666666666666,0.0,0.0
False,mp-560998,SiO2,Orthorhombic,Cmmm,65,54,0.018304120370371,-3.254527223518518,False,1014.4972993623423,1.770238222955925,5.832599999999999,False,False,NM,0.0,,,,,,,,,,,,,,,,0.3333333333333333,0.6666666666666666,0.0,0.0
False,mp-561090,SiO2,Cubic,Fd-3m,227,102,0.0208938301634,-3.25193751372549,False,2004.67644012137,1.692172896225965,5.618399999999999,True,False,NM,0.0971218,,,,,,,,,,,,,,,,0.3333333333333333,0.6666666666666666,0.0,0.0
False,mp-561181,SiO2,Orthorhombic,Amm2,38,84,0.021043170912699,-3.25178817297619,False,1851.0694454323457,1.509195227168467,5.6043,False,False,NM,0.0002605,,,,,,,,,,,,,,,,0.3333333333333333,0.6666666666666666,0.0,0.0
True,mp-561291,SiO2,Tetragonal,P-4c2,116,24,0.151753542222223,-3.121077801666666,False,354.64354115712155,2.25065037988681,5.2477,True,False,NM,0.0018809,,,,,,,,,,,,0.162281006282312,4.332173336666667,2.05395763,2.278215706666666,0.3333333333333333,0.6666666666666666,0.0,0.0
True,mp-561301,SiO2,Cubic,Pn-3m,224,144,0.498932975486113,-2.773898368402777,False,2022.5995757784617,2.367780445091238,1.9958,False,False,NM,0.0002308,,,,,,,,,,,,,,,,0.3333333333333333,0.6666666666666666,0.0,0.0
False,mp-561351,SiO2,Orthorhombic,Pmmn,59,72,0.017940285000001,-3.254891058888888,False,1299.9270796171886,1.842053988593112,5.5568,False,False,NM,0.0,,,,,,,,,,,,,,,,0.3333333333333333,0.6666666666666666,0.0,0.0
True,mp-561488,SiO2,Trigonal,R-3m,166,36,0.51276086888889,-2.760070474999999,False,685.6908165914242,1.7460754934653342,2.7733,True,False,NM,0.0,,,,,,,,,,,,,,,,0.3333333333333333,0.6666666666666666,0.0,0.0
True,mp-562490,SiO2,Monoclinic,C2/c,15,12,0.020159030555555,-3.252672313333333,False,214.2907990029286,1.862372589825406,5.599699999999999,False,False,NM,0.0,,,,,,,,,,,,,,,,0.3333333333333333,0.6666666666666666,0.0,0.0
True,mp-572283,SiO2,Tetragonal,P4/n,85,48,0.165245518055558,-3.107585825833332,False,606.3456573083515,2.632751174216039,4.9688,False,False,NM,0.0,,,,,,,,,,,,,,,,0.3333333333333333,0.6666666666666666,0.0,0.0
True,mp-600000,SiO2,Orthorhombic,Imma,74,24,0.015924433888889,-3.25690691,False,445.27013175670066,1.792571663140008,5.4117,True,False,NM,0.0,,,,,,,,,,,,,3.328060296666666,1.389114923333332,1.938945373333333,0.3333333333333333,0.6666666666666666,0.0,0.0
True,mp-600001,SiO2,Tetragonal,P-4m2,115,15,0.036622150222223,-3.236209193666667,False,306.59783358024345,1.6270879414514412,5.7968,False,False,NM,0.0,,,,,,,,,,,,0.026615499243861,3.004849603333333,1.159882763333333,1.84496684,0.3333333333333333,0.6666666666666666,0.0,0.0
True,mp-600002,SiO2,Tetragonal,P4_2/mmc,131,24,0.02223387638889,-3.2505974675,False,449.9107136558099,1.774082270999887,5.4674,False,False,NM,0.0,,,,,,,,,,,,,3.329730743333332,1.387487946666666,1.9422427966666664,0.3333333333333333,0.6666666666666666,0.0,0.0
True,mp-600003,SiO2,Tetragonal,I4/mmm,139,48,0.014453704305557,-3.2583776395833333,False,891.5764672364769,1.790488309104226,5.5474,True,False,NM,0.0,,,,,,,,,,,,,,,,0.3333333333333333,0.6666666666666666,0.0,0.0
True,mp-600004,SiO2,Orthorhombic,Cmcm,63,36,0.017297762222222,-3.255533581666667,False,635.6400012505338,1.88356291074989,5.4299,True,False,NM,0.0,,,,,,,,,,,,,3.614757469999999,1.601219656666665,2.013537813333333,0.3333333333333333,0.6666666666666666,0.0,0.0
True,mp-600005,SiO2,Cubic,Im-3m,229,48,0.021162028472224,-3.251669315416666,False,965.2967263922578,1.653747700176767,5.4397,True,False,NM,0.0,,,,,,,,,,,,,,,,0.3333333333333333,0.6666666666666666,0.0,0.0
True,mp-600006,SiO2,Tetragonal,P4/mcc,124,60,0.034152458722223,-3.238678885166666,False,1009.5272322697714,1.976614882480916,5.523499999999999,False,False,NM,0.0,,,,,,,,,,,,,,,,0.3333333333333333,0.6666666666666666,0.0,0.0
True,mp-600007,SiO2,Orthorhombic,Pmma,51,36,0.020936226111112,-3.251895117777777,False,696.4354490481621,1.7191369746914211,5.680400000000001,False,False,NM,0.0,,,,,,,,,,,,,,,,0.3333333333333333,0.6666666666666666,0.0,0.0
True,mp-600014,SiO2,Orthorhombic,Pnma,62,72,0.017375832777776,-3.255455511111112,False,1321.9924554538477,1.8113082658001864,5.977,False,False,NM,0.0,,,,,,,,,,,,,,,,0.3333333333333333,0.6666666666666666,0.0,0.0
True,mp-600015,SiO2,Tetragonal,P4/nmm,129,72,0.019213315000001,-3.253618028888889,False,1418.600480430967,1.68795647183313,5.8166,False,False,NM,0.0,,,,,,,,,,,,,,,,0.3333333333333333,0.6666666666666666,0.0,0.0
True,mp-600016,SiO2,Tetragonal,I4_1/amd,141,48,0.016476795972224,-3.256354547916666,False,969.5498613109172,1.646493187158979,5.652,False,False,NM,0.0,,,,,,,,,,,,,,,,0.3333333333333333,0.6666666666666666,0.0,0.0
True,mp-600018,SiO2,Orthorhombic,Cmme,67,72,0.017224412777778,-3.255606931111112,False,1255.4079810000228,1.9073766441898972,5.5607,True,False,NM,0.0,,,,,,,,,,,,,,,,0.3333333333333333,0.6666666666666666,0.0,0.0
True,mp-600022,SiO2,Orthorhombic,Pmmn,59,96,0.021769523055557,-3.251061820833333,False,2158.080011234513,1.479423592219989,5.7440999999999995,True,False,NM,0.000189899999999,,,,,,,,,,,,,,,,0.3333333333333333,0.6666666666666666,0.0,0.0
True,mp-600023,SiO2,Cubic,Fm-3m,225,30,0.022853508888889,-3.249977835,False,626.0940127158256,1.593567827712083,5.5462,True,False,NM,0.0,,,,,,,,,,,,,,,,0.3333333333333333,0.6666666666666666,0.0,0.0
True,mp-600024,SiO2,Orthorhombic,Pnma,62,96,0.024050721805556,-3.248780622083333,False,1941.3989000548415,1.644543263328586,5.882899999999999,True,False,NM,8e-05,,,,,,,,,,,,,,,,0.3333333333333333,0.6666666666666666,0.0,0.0
True,mp-600026,SiO2,Orthorhombic,Pnnm,58,36,0.0549055275,-3.217925816388888,False,578.7469672245207,2.068724328157123,5.380199999999999,True,False,NM,0.0,,,,,,,,,,,,,,,,0.3333333333333333,0.6666666666666666,0.0,0.0
True,mp-600027,SiO2,Orthorhombic,Cmcm,63,72,0.017142842222222,-3.255688501666667,False,1480.2383887963422,1.6176690727742562,5.7489,True,False,NM,0.0,,,,,,,,,,,,,,,,0.3333333333333333,0.6666666666666666,0.0,0.0
True,mp-600028,SiO2,Cubic,Ia-3d,230,72,0.022316529861111,-3.250514814027779,False,1239.2206380103078,1.93229178763009,5.6883,True,False,NM,0.0,,,,,,,,,,,,,,,,0.3333333333333333,0.6666666666666666,0.0,0.0
True,mp-600029,SiO2,Orthorhombic,Cmcm,63,72,0.016784315277778,-3.256047028611111,False,1264.5537461228737,1.89358172337925,5.485200000000001,False,False,NM,0.0,,,,,,,,,,,,,,,,0.3333333333333333,0.6666666666666666,0.0,0.0
True,mp-600031,SiO2,Orthorhombic,Imma,74,60,0.016952026722224,-3.255879317166667,False,1052.176980050616,1.896493260552236,5.6567,True,False,NM,0.0,,,,,,,,,,,,,,,,0.3333333333333333,0.6666666666666666,0.0,0.0
True,mp-600032,SiO2,Orthorhombic,Cmcm,63,72,0.02155678277778,-3.25127456111111,False,1583.6908623835047,1.5119970183355012,5.756600000000001,True,False,NM,0.0,,,,,,,,,,,,,,,,0.3333333333333333,0.6666666666666666,0.0,0.0
True,mp-600033,SiO2,Cubic,Im-3m,229,36,0.014101807777779,-3.258729536111111,False,714.3344596364926,1.676060723087305,5.6213,True,False,NM,0.0,,,,,,,,,,,,,3.22940798333333,1.337372453333333,1.892035529999996,0.3333333333333333,0.6666666666666666,0.0,0.0
False,mp-600037,SiO2,Orthorhombic,Imma,74,48,0.022893965555557,-3.249937378333333,False,952.9750287866326,1.6751301902337432,5.4615,True,False,NM,0.0,,,,,,,,,,,,,,,,0.3333333333333333,0.6666666666666666,0.0,0.0
True,mp-600038,SiO2,Orthorhombic,Pmma,51,30,0.036608701555557,-3.236222642333333,False,613.0127415629973,1.627573471382024,5.8012999999999995,False,False,NM,0.0,,,,,,,,,,,,,3.003750979999999,1.154232913333332,1.8495180666666664,0.3333333333333333,0.6666666666666666,0.0,0.0
True,mp-600039,SiO2,Orthorhombic,Cmcm,63,72,0.040176569444444,-3.232654774444445,False,1294.2200722453572,1.850176730557679,5.5527,False,False,NM,0.0,,,,,,,,,,,,,,,,0.3333333333333333,0.6666666666666666,0.0,0.0
True,mp-600041,SiO2,Orthorhombic,Cmce,64,48,0.021094520347222,-3.251736823541667,False,882.4206493200877,1.809066053122584,5.4636,True,False,NM,0.0,,,,,,,,,,,,,,,,0.3333333333333333,0.6666666666666666,0.0,0.0
True,mp-600045,SiO2,Orthorhombic,Cmce,64,48,0.022509315972223,-3.250322027916667,False,895.681578572942,1.782282096057818,5.4221,True,False,NM,8e-07,,,,,,,,,,,,,,,,0.3333333333333333,0.6666666666666666,0.0,0.0
True,mp-600049,SiO2,Orthorhombic,C222_1,20,48,0.036158083680556,-3.236673260208333,False,869.6048947657621,1.835727065093574,5.8275999999999994,False,False,NM,0.0,,,,,,,,,,,,,,,,0.3333333333333333,0.6666666666666666,0.0,0.0
True,mp-600050,SiO2,Orthorhombic,Pmna,53,72,0.070093447638889,-3.20273789625,False,1458.9397506971625,1.641284954190052,5.9005,True,False,NM,1.48e-05,,,,,,,,,,,,,,,,0.3333333333333333,0.6666666666666666,0.0,0.0
True,mp-600051,SiO2,Orthorhombic,Cmce,64,72,0.021672997638891,-3.251158346249999,False,1322.3482787768935,1.810820870961366,5.6808,True,False,NM,0.0,,,,,,,,,,,,,,,,0.3333333333333333,0.6666666666666666,0.0,0.0
True,mp-600052,SiO2,Orthorhombic,Cmcm,63,60,0.015849241555557,-3.256982102333334,False,1046.5051767377715,1.9067717923713712,5.4986999999999995,False,False,NM,0.0,,,,,,,,,,,,,,,,0.3333333333333333,0.6666666666666666,0.0,0.0
True,mp-600053,SiO2,Orthorhombic,Pmmn,59,84,0.022912114603174,-3.249919229285715,False,1643.0296636756882,1.7002889442386242,5.7235,True,False,NM,0.0,,,,,,,,,,,,,,,,0.3333333333333333,0.6666666666666666,0.0,0.0
False,mp-600054,SiO2,Tetragonal,P4_122,91,192,0.02394328654514,-3.248888057343749,False,4278.914684464813,1.492301070694541,5.8369,True,False,NM,5.6500000000000025e-05,,,,,,,,,,,,,,,,0.3333333333333333,0.6666666666666666,0.0,0.0
True,mp-600055,SiO2,Orthorhombic,Amm2,38,84,0.019012594841269,-3.25381874904762,False,1605.9508493692322,1.739545872964373,5.6413,False,False,NM,0.0,,,,,,,,,,,,,,,,0.3333333333333333,0.6666666666666666,0.0,0.0
True,mp-600057,SiO2,Orthorhombic,Imma,74,72,0.02447287763889,-3.2483584662499982,False,1398.8865361084197,1.711744162289551,5.7256,True,False,NM,0.0,,,,,,,,,,,,,,,,0.3333333333333333,0.6666666666666666,0.0,0.0
True,mp-600059,SiO2,Tetragonal,P-4,81,51,0.013408811241831,-3.259422532647059,False,853.466159108571,1.987342498277428,5.979699999999999,True,False,NM,0.0,,,,,,,,,,,,0.051098178538965,3.5799859400000003,1.510044583333333,2.069941356666666,0.3333333333333333,0.6666666666666666,0.0,0.0
True,mp-600060,SiO2,Orthorhombic,Pnma,62,144,0.017455431875001,-3.255375912013888,False,2768.7842909639658,1.729665882390115,5.8577,True,False,NM,6.71e-05,,,,,,,,,,,,,,,,0.3333333333333333,0.6666666666666666,0.0,0.0
True,mp-600061,SiO2,Orthorhombic,Pmma,51,72,0.021514937222223,-3.251316406666667,False,1365.4983731097675,1.753598472941241,5.7108,False,False,NM,0.0,,,,,,,,,,,,,,,,0.3333333333333333,0.6666666666666666,0.0,0.0
True,mp-600063,SiO2,Orthorhombic,Cmcm,63,72,0.017435030138887,-3.2553963137500013,False,1397.0743997465818,1.71396445480884,5.9181,False,False,NM,0.0,,,,,,,,,,,,,,,,0.3333333333333333,0.6666666666666666,0.0,0.0
True,mp-600065,SiO2,Orthorhombic,Cmce,64,72,0.025134043749999,-3.24769730013889,False,1217.3581948699557,1.9669936687326732,5.3161,False,False,NM,0.0,,,,,,,,,,,,,,,,0.3333333333333333,0.6666666666666666,0.0,0.0
True,mp-600067,SiO2,Tetragonal,I-4m2,119,84,0.033440892103175,-3.239390451785713,False,2035.532534198896,1.372429634637766,5.8489,False,False,NM,0.000149,,,,,,,,,,,,,,,,0.3333333333333333,0.6666666666666666,0.0,0.0
True,mp-600068,SiO2,Orthorhombic,Cccm,66,60,0.039130699222223,-3.233700644666667,False,1241.791497509309,1.606909497751042,5.666399999999999,False,False,NM,0.0,,,,,,,,,,,,,,,,0.3333333333333333,0.6666666666666666,0.0,0.0
True,mp-600070,SiO2,Orthorhombic,Pbcm,57,96,0.023050382743056,-3.249780961145833,False,1852.5551971871892,1.723411257794827,5.8759999999999994,False,False,NM,0.0114507,,,,,,,,,,,,,,,,0.3333333333333333,0.6666666666666666,0.0,0.0
True,mp-600071,SiO2,Orthorhombic,Fmm2,42,36,0.021457802499998,-3.2513735413888902,False,663.6746252871601,1.803998352997875,5.5552,False,False,NM,0.0,,,,,,,,,,,,,,,,0.3333333333333333,0.6666666666666666,0.0,0.0
True,mp-600072,SiO2,Tetragonal,P4/nmm,129,144,0.019608898263889,-3.253222445625,False,3242.788210703574,1.476837650997569,5.8422,False,False,NM,0.000324299999999,,,,,,,,,,,,,,,,0.3333333333333333,0.6666666666666666,0.0,0.0
True,mp-600076,SiO2,Tetragonal,P4/nnc,126,120,0.033813850638889,-3.239017493250001,False,2133.7929352544,1.870328201584651,5.5245,False,False,NM,0.0189394,,,,,,,,,,,,,,,,0.3333333333333333,0.6666666666666666,0.0,0.0
True,mp-600078,SiO2,Tetragonal,I4_1/amd,141,54,0.029253905925925,-3.243577437962964,False,1101.828546620185,1.629928632658534,5.623200000000001,False,False,NM,3.9800000000000005e-05,,,,,,,,,,,,,,,,0.3333333333333333,0.6666666666666666,0.0,0.0
False,mp-600080,SiO2,Tetragonal,P4_2/mmc,131,192,0.028101169461807,-3.244730174427083,False,4376.473774077263,1.459035126146446,5.6971,True,False,NM,0.000117,,,,,,,,,,,,,,,,0.3333333333333333,0.6666666666666666,0.0,0.0
True,mp-600083,SiO2,Orthorhombic,Pmmn,59,180,0.020298499611111,-3.252532844277778,False,3640.236640306984,1.644491896059197,5.8262,False,False,NM,0.000295499999999,,,,,,,,,,,,,,,,0.3333333333333333,0.6666666666666666,0.0,0.0
True,mp-600084,SiO2,Orthorhombic,Ibam,72,96,0.019550253472223,-3.253281090416666,False,1733.0763040637034,1.8422238392115031,5.5358,False,False,NM,0.001928499999999,,,,,,,,,,,,,,,,0.3333333333333333,0.6666666666666666,0.0,0.0
True,mp-600085,SiO2,Tetragonal,I4/mmm,139,96,0.023797548888889,-3.249033795,False,2156.4726722266673,1.480526288896616,5.6023,False,False,NM,0.003147799999999,,,,,,,,,,,,,,,,0.3333333333333333,0.6666666666666666,0.0,0.0
True,mp-600091,SiO2,Orthorhombic,Imm2,44,54,0.01870847037037,-3.254122873518519,False,1020.7816625586802,1.759339888527376,5.697,False,False,NM,0.0,,,,,,,,,,,,,,,,0.3333333333333333,0.6666666666666666,0.0,0.0
True,mp-600096,SiO2,Cubic,I-43m,217,72,0.144434827361113,-3.128396516527777,False,2889.8868271263755,0.8285915695425691,6.145300000000001,False,False,NM,0.001026499999999,,,,,,,,,,,,,,,,0.3333333333333333,0.6666666666666666,0.0,0.0
True,mp-600098,SiO2,Orthorhombic,Cmcm,63,96,0.017944371701391,-3.254886972187499,False,1996.4611866735024,1.5991868531330722,5.7534,True,False,NM,1.12e-05,,,,,,,,,,,,,,,,0.3333333333333333,0.6666666666666666,0.0,0.0
True,mp-600109,SiO2,Tetragonal,P4_2/ncm,138,180,0.030307025,-3.242524318888889,False,3496.3129113160967,1.712186468021019,5.5665,True,False,NM,1.7800000000000002e-05,,,,,,,,,,,,,,,,0.3333333333333333,0.6666666666666666,0.0,0.0
True,mp-600111,SiO2,Orthorhombic,Cmcm,63,96,0.02470634576389,-3.248124998124999,False,1979.030182178365,1.613272253889742,5.540699999999999,True,False,NM,0.0002073,,,,,,,,,,,,,,,,0.3333333333333333,0.6666666666666666,0.0,0.0
True,mp-604717,SiO2,Tetragonal,P4_12_12,92,36,0.181022544166665,-3.086161349166667,False,908.4276851127072,1.317956234233412,5.1726,False,False,NM,0.0013188,,,,,,,,,,,,,,,,0.3333333333333333,0.6666666666666666,0.0,0.0
False,mp-615993,SiO2,Monoclinic,C2/m,12,42,0.017484032222222,-3.2553473116666662,False,770.0119175130222,1.8140142435890492,5.5053,False,False,NM,0.0,,,,,,,,,,,,,,,,0.3333333333333333,0.6666666666666666,0.0,0.0
True,mp-638033,SiO2,Tetragonal,P4_322,95,24,0.705847214722223,-2.566984129166666,False,346.1100337738232,2.3061412347013173,0.210399999999999,False,False,NM,0.000197799999999,,,,,,,,,,,,,,,,0.3333333333333333,0.6666666666666666,0.0,0.0
True,mp-638035,SiO2,Trigonal,R-3c,167,18,1.830344391666668,-1.442486952222222,False,185.79120218485735,3.222079185841289,0.0,False,True,NM,0.2030565,,,,,,,,,,,,,,,,0.3333333333333333,0.6666666666666666,0.0,0.0
True,mp-638038,SiO2,Tetragonal,P4/nbm,125,24,1.252149242222223,-2.020682101666666,False,400.04393266573027,1.995227412426783,0.0,False,True,NM,1.1523547,,,,,,,,,,,,,,,,0.3333333333333333,0.6666666666666666,0.0,0.0
True,mp-638049,SiO2,Cubic,F4_132,210,36,1.744760644722223,-1.528070699166666,False,386.8621653402159,3.094817840073901,0.0,False,True,NM,0.005209699999999,,,,,,,,,,,,,,,,0.3333333333333333,0.6666666666666666,0.0,0.0
True,mp-639463,SiO2,Orthorhombic,Pmma,51,18,0.01768025388889,-3.255151089999999,False,316.5952872178218,1.890849262896296,5.3927,True,False,NM,0.0,,,,,,,,,,,,,3.54079095,1.528419636666666,2.012371313333333,0.3333333333333333,0.6666666666666666,0.0,0.0
True,mp-639478,SiO2,Cubic,Pm-3m,221,72,0.024659219722224,-3.248172124166666,False,1684.173331740585,1.421787067138925,5.5639,False,False,NM,0.0,,,,,,,,,,,,,,,,0.3333333333333333,0.6666666666666666,0.0,0.0
True,mp-639480,SiO2,Tetragonal,P4_2/mmc,131,54,0.036007933333333,-3.236823410555556,False,1074.2765532947255,1.671731446533839,5.6227,False,False,NM,0.0,,,,,,,,,,,,,,,,0.3333333333333333,0.6666666666666666,0.0,0.0
True,mp-639506,SiO2,Orthorhombic,I2_12_12_1,24,72,0.018906206388889,-3.253925137500001,False,1291.5479763488484,1.8540045787987611,5.7044999999999995,False,False,NM,0.0,,,,,,,,,,,,,,,,0.3333333333333333,0.6666666666666666,0.0,0.0
True,mp-639511,SiO2,Tetragonal,I4/mmm,139,48,0.021093187638889,-3.25173815625,False,972.072412011876,1.642220498733643,5.7277000000000005,False,False,NM,0.0,,,,,,,,,,,,,,,,0.3333333333333333,0.6666666666666666,0.0,0.0
True,mp-639512,SiO2,Cubic,Pm-3n,223,138,0.01521632099034,-3.257615022898549,False,2613.724349371608,1.755933853439469,5.6882,True,False,NM,0.014154499999999,,,,,,,,,,,,,,,,0.3333333333333333,0.6666666666666666,0.0,0.0
True,mp-639558,SiO2,Orthorhombic,Cmmm,65,84,0.022287582579366,-3.250543761309524,False,1798.623571798125,1.55320169045212,5.645099999999999,False,False,NM,0.0,,,,,,,,,,,,,,,,0.3333333333333333,0.6666666666666666,0.0,0.0
True,mp-639682,SiO2,Tetragonal,I-4m2,119,30,0.034761362555556,-3.238069981333334,False,627.5692926413844,1.58982169377308,5.7946,True,False,NM,0.0,,,,,,,,,,,,0.04176,2.92969568,1.099619636666666,1.830076043333333,0.3333333333333333,0.6666666666666666,0.0,0.0
True,mp-639695,SiO2,Orthorhombic,Pmma,51,48,0.022582783888889,-3.25024856,False,927.4288145297896,1.721271990097395,5.6186,False,False,NM,0.0,,,,,,,,,,,,,,,,0.3333333333333333,0.6666666666666666,0.0,0.0
True,mp-639705,SiO2,Tetragonal,I4_1/amd,141,60,0.031036298222222,-3.241795045666668,False,1227.1130110333947,1.626131035717536,5.5245,True,False,NM,0.0,,,,,,,,,,,,,,,,0.3333333333333333,0.6666666666666666,0.0,0.0
True,mp-639724,SiO2,Orthorhombic,Cmcm,63,48,0.020764634097224,-3.252066709791666,False,968.4363939722516,1.648386255613085,5.682499999999999,False,False,NM,0.0,,,,,,,,,,,,,,,,0.3333333333333333,0.6666666666666666,0.0,0.0
True,mp-639733,SiO2,Orthorhombic,Pca2_1,29,72,0.024183770416666,-3.248647573472224,False,1321.839014747692,1.811518524701814,5.6876999999999995,True,False,NM,0.0,,,,,,,,,,,,,,,,0.3333333333333333,0.6666666666666666,0.0,0.0
True,mp-639734,SiO2,Tetragonal,I4/mmm,139,48,0.021206486388889,-3.2516248575,False,899.5774524319761,1.7745634207968002,5.449199999999999,True,False,NM,0.0,,,,,,,,,,,,,,,,0.3333333333333333,0.6666666666666666,0.0,0.0
True,mp-639741,SiO2,Cubic,Im-3m,229,72,0.022140206250002,-3.250691137638888,False,1651.920548350697,1.449546628789006,5.7283,False,False,NM,0.0,,,,,,,,,,,,,,,,0.3333333333333333,0.6666666666666666,0.0,0.0
True,mp-639748,SiO2,Orthorhombic,Pbcn,60,108,0.037263518425925,-3.235567825462964,False,2478.784298163184,1.449018293158923,5.8721,True,False,NM,0.0075052,,,,,,,,,,,,,,,,0.3333333333333333,0.6666666666666666,0.0,0.0
False,mp-640556,SiO2,Monoclinic,Cc,9,72,0.006745714583335,-3.266085629305555,False,1064.5003448565633,2.249445830110737,5.5502,True,False,NM,0.0,,,,,,,0.144,,,,,,,,,0.3333333333333333,0.6666666666666666,0.0,0.0
False,mp-640917,SiO2,Trigonal,P3_221,154,9,2.428085125000001,-0.844746218888888,False,131.53068922818633,2.2756436881195,0.6553999999999991,False,False,NM,5.9e-06,,,,,,,,,,,,,,,,0.3333333333333333,0.6666666666666666,0.0,0.0
False,mp-644923,SiO2,Tetragonal,I-4m2,119,144,0.016849102430557,-3.255982241458333,False,2818.289033980328,1.699283382944712,5.72,True,False,NM,0.0006252,,,,,,,,,,,,,,,,0.3333333333333333,0.6666666666666666,0.0,0.0
False,mp-646895,SiO2,Monoclinic,C2/c,15,96,0.01990272607639,-3.252928617812499,False,1900.5145127781043,1.679921127175041,5.6942,True,False,NM,0.0307512,,,,,,,,,,,,,,,,0.3333333333333333,0.6666666666666666,0.0,0.0
False,mp-651707,SiO2,Monoclinic,C2/c,15,84,0.011859404365079,-3.26097193952381,False,1445.1224490555487,1.9331408034174784,5.8759000000000015,False,False,NM,0.0,,,,,,,,,,,,,,,,0.3333333333333333,0.6666666666666666,0.0,0.0
False,mp-653763,SiO2,Orthorhombic,Cmme,67,168,0.022964218531747,-3.249867125357142,False,3333.186938601607,1.676248721516894,5.5172,False,False,NM,0.000118899999999,,,,,,,,,,,,,,,,0.3333333333333333,0.6666666666666666,0.0,0.0
True,mp-662706,SiO2,Monoclinic,C2/m,12,84,0.014375648769842,-3.258455695119047,False,1512.2774098096618,1.847296768491363,5.611800000000001,False,False,NM,0.0,,,,,,,,,,,,,,,,0.3333333333333333,0.6666666666666666,0.0,0.0
True,mp-663422,SiO2,Triclinic,P1,1,24,0.215933073055557,-3.056898270833333,False,396.7662272044856,2.011710084937026,4.3608,False,False,NM,0.000316,,,,,,,,,,,,,,,,0.3333333333333333,0.6666666666666666,0.0,0.0
False,mp-667368,SiO2,Orthorhombic,Immm,71,96,0.01773852545139,-3.2550928184375,False,1967.8276269791304,1.6224563771471932,5.7667,True,False,NM,6.75e-05,,,,,,,,,,,,,,,,0.3333333333333333,0.6666666666666666,0.0,0.0
True,mp-667371,SiO2,Orthorhombic,Pbcm,57,168,0.017656504186509,-3.25517483970238,False,3069.4137832693964,1.8202988384500172,5.8205,True,False,NM,4.84e-05,,,,,,,,,,,,,,,,0.3333333333333333,0.6666666666666666,0.0,0.0
True,mp-667373,SiO2,Orthorhombic,Pmna,53,168,0.016681264543652,-3.256150079345237,False,3150.490968720486,1.773453852075924,5.765000000000001,True,False,NM,5.37e-05,,,,,,,,,,,,,,,,0.3333333333333333,0.6666666666666666,0.0,0.0
True,mp-667376,SiO2,Orthorhombic,Cmce,64,168,0.017726821448414,-3.255104522440475,False,3108.728176303902,1.79727850990519,5.6257,False,False,NM,7.810000000000001e-05,,,,,,,,,,,,,,,,0.3333333333333333,0.6666666666666666,0.0,0.0
True,mp-667377,SiO2,Orthorhombic,Cmce,64,168,0.019727237519843,-3.253104106369047,False,3106.947021104082,1.7983088563970022,5.6195,False,False,NM,8.920000000000004e-05,,,,,,,,,,,,,,,,0.3333333333333333,0.6666666666666666,0.0,0.0
True,mp-667383,SiO2,Monoclinic,C2/m,12,84,0.014114933531747,-3.258716410357143,False,1601.3606944661433,1.744532123123708,5.5383,False,False,NM,0.0003804,,,,,,,,,,,,,,,,0.3333333333333333,0.6666666666666666,0.0,0.0
False,mp-667448,SiO2,Tetragonal,I-4,82,144,0.243598421041667,-3.029232922847223,False,2738.861957735806,1.7485626503561211,0.9579,False,False,FM,8.0055547,,,,,,,,,,,,,,,,0.3333333333333333,0.6666666666666666,0.0,0.0
False,mp-669426,SiO2,Monoclinic,P2_1/c,14,24,0.007127133888889,-3.26570421,False,338.84472465871204,2.355588157477184,5.537999999999999,True,False,NM,1e-07,,,,,,,1.182,,,,,,4.22409841,1.895101813333333,2.3289965966666673,0.3333333333333333,0.6666666666666666,0.0,0.0
True,mp-673168,SiO2,Monoclinic,C2,5,9,0.686385021666667,-2.586446322222222,False,204.11194643411517,1.466435394719758,3.3979,False,False,NM,0.0008464,,,,,,,,,,,,,,,,0.3333333333333333,0.6666666666666666,0.0,0.0
False,mp-680204,SiO2,Monoclinic,C2/m,12,66,0.013950562373739,-3.25888078151515,False,1086.6037532225982,2.020047510623644,5.6096,False,False,NM,0.0,,,,,,,,,,,,,,,,0.3333333333333333,0.6666666666666666,0.0,0.0
True,mp-680222,SiO2,Hexagonal,P6/mmm,191,144,0.037201489236112,-3.235629854652778,False,4476.983851874166,1.069709403077981,5.5951,True,False,NM,0.0009908,,,,,,,,,,,,,,,,0.3333333333333333,0.6666666666666666,0.0,0.0
True,mp-683947,SiO2,Triclinic,P-1,2,24,0.142258096805557,-3.130573247083333,False,370.94474956889024,2.151745297803292,5.471999999999999,False,False,NM,0.0004548,,,,,,,,,,,,,,,,0.3333333333333333,0.6666666666666666,0.0,0.0
True,mp-683952,SiO2,Cubic,Pm-3n,223,144,0.7316326965277781,-2.541198647361111,False,2239.824745369951,2.13814573380252,1.6131,True,False,NM,0.0051088,,,,,,,,,,,,,,,,0.3333333333333333,0.6666666666666666,0.0,0.0
True,mp-683953,SiO2,Cubic,Ia-3d,230,144,0.881828705486112,-2.391002638402777,False,2307.418262479257,2.075510886627183,1.7254,True,False,NM,0.0002836,,,,,,,,,,,,,,,,0.3333333333333333,0.6666666666666666,0.0,0.0
True,mp-683970,SiO2,Orthorhombic,Pmmm,47,192,0.136555106909723,-3.136276236979166,False,4113.747136379569,1.55221717654166,5.3597,False,False,NM,0.0006016,,,,,,,,,,,,,,,,0.3333333333333333,0.6666666666666666,0.0,0.0
True,mp-685184,SiO2,Triclinic,P1,1,90,0.405366121333333,-2.867465222555556,False,1318.0836445751347,2.270849683690675,0.0,False,True,FM,6.0213259,,,,,,,,,,,,,,,,0.3333333333333333,0.6666666666666666,0.0,0.0
False,mp-6922,SiO2,Hexagonal,P6_222,180,9,0.009076502222221,-3.263754841666668,False,122.90445400834436,2.435363186396876,5.5311,False,False,NM,0.0,,,,,,,0.933,,,,,0.148154999999999,4.522152466666305,2.169875036666304,2.35227743,0.3333333333333333,0.6666666666666666,0.0,0.0
False,mp-6930,SiO2,Trigonal,P3_221,154,9,0.000625704444445,-3.272205639444445,False,113.71113006405524,2.632257568520512,5.6695,False,False,NM,0.0,,,,,,,0.489,,,,,0.248834423012657,4.734618696679997,2.198741656679997,2.53587704,0.3333333333333333,0.6666666666666666,0.0,0.0
False,mp-6945,SiO2,Tetragonal,P4_12_12,92,12,0.005370743055555,-3.267460600833333,False,172.83869832405802,2.309027516318023,5.503699999999999,True,False,NM,0.0,,,,,,,1.121,,,,,0.001205,4.0368359,1.7981028233333332,2.238733076666666,0.3333333333333333,0.6666666666666666,0.0,0.0
False,mp-6947,SiO2,Tetragonal,P4_2/mnm,136,6,0.20171111388889,-3.071120229999999,False,48.26667563572915,4.134211700498967,5.0337,True,False,NM,0.0,,,,,,,0.667,,,,,,,,,0.3333333333333333,0.6666666666666666,0.0,0.0
False,mp-7000,SiO2,Trigonal,P3_121,152,9,0.0,-3.27283134388889,True,113.6254509687595,2.634242418262655,5.719,False,False,NM,0.0,,,,,,,0.486,,,,,0.193757628756571,4.586131743334117,2.16345009666745,2.422681646666666,0.3333333333333333,0.6666666666666666,0.0,0.0
True,mp-7029,SiO2,Tetragonal,P4_32_12,96,12,0.00530613638889,-3.2675252075,False,170.84175973661502,2.336017323458337,5.5081,True,False,NM,0.0,,,,,,,,,,,,0.002569999999999,4.00573991,1.77949557,2.22624434,0.3333333333333333,0.6666666666666666,0.0,0.0
False,mp-7087,SiO2,Hexagonal,P6_3/mmc,194,12,0.01920706388889,-3.25362428,False,202.51152300780183,1.970699268798964,5.3645,True,False,NM,0.0,,,,,,,0.231,,,,,,,,,0.3333333333333333,0.6666666666666666,0.0,0.0
False,mp-733790,SiO2,Triclinic,P1,1,72,0.006573497500003,-3.266257846388887,False,1061.8792044143463,2.254998357567127,5.5868,False,False,NM,0.0,,,,,,,,,,,,,,,,0.3333333333333333,0.6666666666666666,0.0,0.0
False,mp-7648,SiO2,Orthorhombic,C222_1,20,12,0.01201078638889,-3.260820557499999,False,185.7111088656556,2.148979200827146,5.424499999999999,False,False,NM,0.0,,,,,,,,,,,,1.4170999999999991,12.74467741,10.526614096666664,2.218063313333333,0.3333333333333333,0.6666666666666666,0.0,0.0
False,mp-7905,SiO2,Orthorhombic,Ibam,72,6,0.42252382888889,-2.850307514999999,False,85.16813648432404,2.342949645189758,4.7646999999999995,False,False,NM,0.0004796,,,,,,,,,,,,,,,,0.3333333333333333,0.6666666666666666,0.0,0.0
False,mp-8059,SiO2,Cubic,P2_13,198,24,0.00937302763889,-3.26345831625,False,355.1584355418974,2.247387477681125,5.5887,False,False,NM,0.0,,,,,,,0.544,,,,,0.044543333333333,3.9446341166666663,1.763401486666667,2.18123263,0.3333333333333333,0.6666666666666666,0.0,0.0
False,mp-8352,SiO2,Cubic,Fd-3m,227,6,0.020551200555557,-3.252280143333333,False,101.25396008094606,1.970734329777291,5.3649,False,False,NM,0.0,,,,,,,1.373,,,,,,,,,0.3333333333333333,0.6666666666666666,0.0,0.0
False,mp-8602,SiO2,Hexagonal,P6/mmm,191,102,0.016311825751634,-3.256519518137255,False,2025.558244306005,1.674728014961816,5.5344,False,False,NM,0.0004456,,,,,,,,,,,,,,,,0.3333333333333333,0.6666666666666666,0.0,0.0
False,mp-9258,SiO2,Cubic,Pa-3,205,12,0.5770440263888901,-2.6957873175,False,90.39377291229376,4.415008882327144,4.0091,True,False,NM,1.4700000000000002e-05,,,,,,,0.021,,,,,,,,,0.3333333333333333,0.6666666666666666,0.0,0.0
False,mp-972808,SiO2,Monoclinic,P2_1,4,12,0.007662029722222,-3.265169314166667,False,177.62514985183805,2.246806325836915,5.5882000000000005,False,False,NM,0.0,,,,,,,0.651,,,,,0.104888314374118,4.1866012,1.881633466666666,2.304967733333333,0.3333333333333333,0.6666666666666666,0.0,0.0
True,mp-985570,SiO2,Monoclinic,P2_1/c,14,24,0.008480523472224,-3.264350820416666,False,338.52708821149986,2.3577983813543613,5.7565,True,False,NM,0.0,,,,,,,,,,,,,,,,0.3333333333333333,0.6666666666666666,0.0,0.0
True,mp-985590,SiO2,Orthorhombic,Pnnm,58,24,0.009721104722222,-3.263110239166666,False,376.1283755669005,2.122090946812149,5.7191,False,False,NM,0.0,,,,,,,,,,,,,,,,0.3333333333333333,0.6666666666666666,0.0,0.0
True,mp-1391176,SiO4,Triclinic,P1,1,15,1.4432905323333332,-0.520408273999999,False,231.42522191919176,1.982164048355449,0.1484,False,False,NM,0.0,,,,,,,,,,,,,,,,0.2,0.8,0.0,0.0
True,mp-685105,SiO4,Triclinic,P1,1,15,0.8029251483333321,-1.160773658,False,231.42523646269996,1.9821639237898672,0.3892,False,False,NM,0.0099984,,,,,,,,,,,,,,,,0.2,0.8,0.0,0.0
True,mp-936187,SiO4,Triclinic,P1,1,15,2.339197843666666,0.375499037333332,False,225.27383327878908,2.036289559663185,0.0,False,True,FiM,2.0292547,,,,,,,,,,,,,,,,0.2,0.8,0.0,0.0
True,mp-1219306,Si5C3,Trigonal,R3,146,8,0.8732097103750001,0.643749876723683,False,170.47338432302902,1.718849312696058,0.7307,False,False,NM,0.0003164,,,,,,,,,,,,,,,,0.625,0.0,0.375,0.0
False,mp-1179504,Si8C3,Triclinic,P-1,2,44,0.561837004818182,0.394957125799042,False,675.4456003157994,2.563814282833018,0.0,False,True,NM,0.0020671,,,,,,,,,,,,,,,,0.7272727272727273,0.0,0.2727272727272727,0.0
False,mp-1202928,Si8C3,Triclinic,P-1,2,44,0.6085526855000011,0.441672806480861,False,635.1433534140515,2.72649799145022,0.0,False,True,NM,0.129264699999999,,,,,,,,,,,,,,,,0.7272727272727273,0.0,0.2727272727272727,0.0
True,mp-1002206,SiC,Cubic,Fm-3m,225,2,0.7427448055000011,0.436798360631579,False,16.609991746502004,4.008509308033139,0.0,False,True,NM,0.001676,,,,,,,1.185,,,,,,,,,0.5,0.0,0.5,0.0
False,mp-11713,SiC,Trigonal,R3m,160,10,9.136636842121964e-05,-0.305855078499999,False,103.14205479150964,3.227650770425009,1.9535,False,False,NM,0.0,,,,,,,,,,,,0.067297447210288,10.594695416504146,3.414755699842747,7.1799397166614,0.5,0.0,0.5,0.0
True,mp-11714,SiC,Hexagonal,P6_3mc,186,8,0.000300971118422,-0.305645473749999,False,82.50386818181951,3.228033205690528,2.222600000000001,False,False,NM,0.0,,,,,,,0.134,,,,,0.064231695447029,10.524086180000069,3.400765086666737,7.123321093333332,0.5,0.0,0.5,0.0
False,mp-1197730,SiC,Trigonal,R3m,160,34,0.000175364721362,-0.305771080147058,False,350.66892973081065,3.227780150771845,2.0037,False,False,NM,0.0,,,,,,,,,,,,,,,,0.5,0.0,0.5,0.0
False,mp-1199063,SiC,Trigonal,R3m,160,56,0.031864561928571,-0.274081882939849,False,587.8686993913593,3.171246546298422,1.6849,False,False,NM,0.005517999999999,,,,,,,,,,,,,,,,0.5,0.0,0.5,0.0
False,mp-1200168,SiC,Trigonal,R3m,160,58,0.031709074982758,-0.274237369885662,False,608.5747427314058,3.172753901152588,1.941199999999998,False,False,NM,0.000201199999999,,,,,,,,,,,,,,,,0.5,0.0,0.5,0.0
False,mp-1200692,SiC,Trigonal,R3m,160,34,2.185089783424132e-05,-0.305924593970587,False,350.68020703856683,3.22767635058752,1.969299999999998,False,False,NM,0.0,,,,,,,,,,,,,,,,0.5,0.0,0.5,0.0
False,mp-1200848,SiC,Trigonal,R3m,160,50,0.032039476500001,-0.273906968368421,False,525.0787564181098,3.170062857636804,1.9337,False,False,NM,0.0019122,,,,,,,,,,,,,,,,0.5,0.0,0.5,0.0
False,mp-1204356,SiC,Trigonal,R3m,160,38,0.0,-0.305946444868422,True,391.9374525744493,3.227670169340689,1.8389,False,False,NM,0.0,,,,,,,,,,,,,,,,0.5,0.0,0.5,0.0
False,mp-567505,SiC,Hexagonal,P6_3mc,186,16,6.303174342114914e-05,-0.305883413125,False,165.03918267446815,3.227418141231847,1.7772,False,False,NM,0.0,,,,,,,0.114,,,,,0.087516109364047,10.491147903334564,3.393020796667801,7.098127106666763,0.5,0.0,0.5,0.0
False,mp-567551,SiC,Hexagonal,P6_3mc,186,32,5.2270180921354395e-05,-0.3058941746875,False,330.06303832344054,3.227568011754725,1.970600000000001,False,False,NM,0.0,,,,,,,0.119,,,,,,,,,0.5,0.0,0.5,0.0
False,mp-568619,SiC,Trigonal,P3m1,156,10,0.001018031368422,-0.304928413499999,False,103.14784346665816,3.227469634095106,1.750999999999999,False,False,NM,0.0,,,,,,,0.268,,,,,0.131299232604468,10.485148066922262,3.406484940255035,7.078663126667227,0.5,0.0,0.5,0.0
False,mp-568656,SiC,Trigonal,P3m1,156,20,0.000105967368421,-0.3058404775,False,206.28562954028095,3.227626988394056,2.0052,False,False,NM,0.0,,,,,,,0.121,,,,,0.067806951689686,10.519652603368709,3.402832303367453,7.116820300001254,0.5,0.0,0.5,0.0
False,mp-568696,SiC,Trigonal,P3m1,156,28,2.073201127750223e-05,-0.305925712857143,False,288.81404317397767,3.22746872370534,1.8139,False,False,NM,0.0,,,,,,,0.114,,,,,,,,,0.5,0.0,0.5,0.0
False,mp-568735,SiC,Trigonal,P3m1,156,36,0.000151124035086,-0.305795320833333,False,371.30555824357486,3.227701527197547,1.997999999999999,False,False,NM,0.0,,,,,,,0.124,,,,,,,,,0.5,0.0,0.5,0.0
False,mp-570641,SiC,Trigonal,R3m,160,16,0.00926901925,-0.296677425618421,False,168.06723154240382,3.169270102740201,1.699799999999999,False,False,NM,0.0015224,,,,,,,,,,,,,,,,0.5,0.0,0.5,0.0
False,mp-570690,SiC,Trigonal,R3m,160,18,0.008367561055555,-0.297578883812865,False,189.06743577726556,3.169407551524623,1.6644,False,False,NM,0.001983699999999,,,,,,,,,,,,,,,,0.5,0.0,0.5,0.0
False,mp-570791,SiC,Trigonal,P3m1,156,38,0.000120817631579,-0.305825627236843,False,391.93216951893857,3.227713676768763,1.9695,False,False,NM,0.0,,,,,,,0.133,,,,,,,,,0.5,0.0,0.5,0.0
True,mp-570804,SiC,Trigonal,R3m,160,26,0.031695728576924,-0.274250716291497,False,273.1746533097943,3.16851133259096,1.843299999999999,False,False,NM,2.4500000000000003e-05,,,,,,,,,,,,,,,,0.5,0.0,0.5,0.0
False,mp-570985,SiC,Trigonal,P3m1,156,54,5.0489035087863974e-05,-0.305895955833334,False,556.9714249200168,3.227625683593629,1.942400000000001,False,False,NM,0.0,,,,,,,0.124,,,,,,,,,0.5,0.0,0.5,0.0
False,mp-571286,SiC,Trigonal,P3m1,156,72,0.000283391333335,-0.305663053535086,False,740.8633882359936,3.23531581241525,1.837100000000001,False,False,NM,5.2999999999999975e-06,,,,,,,,,,,,,,,,0.5,0.0,0.5,0.0
False,mp-571298,SiC,Trigonal,P3m1,156,78,0.000431987935897,-0.305514456932524,False,802.6278991734457,3.235211431150285,1.6356000000000002,False,False,NM,4e-07,,,,,,,,,,,,,,,,0.5,0.0,0.5,0.0
False,mp-582034,SiC,Trigonal,P3m1,156,42,2.8426654136382016e-05,-0.305918018214284,False,433.21941502072593,3.227481014209514,1.689099999999999,False,False,NM,0.0,,,,,,,0.121,,,,,,,,,0.5,0.0,0.5,0.0
False,mp-624397,SiC,Trigonal,R3m,160,22,0.031762955045454,-0.274183489822967,False,230.89398397599413,3.171994172963911,2.003399999999999,False,False,NM,1.16e-05,,,,,,,,,,,,,,,,0.5,0.0,0.5,0.0
False,mp-7140,SiC,Hexagonal,P6_3mc,186,4,0.004145862368421,-0.3018005825,False,41.27465862347238,3.226255951846587,2.302899999999999,False,False,NM,0.0,,,,,,,0.17,,,,,0.316063544876662,10.555501999996862,3.4794236499968623,7.07607835,0.5,0.0,0.5,0.0
False,mp-7631,SiC,Hexagonal,P6_3mc,186,12,7.649035088874712e-06,-0.305938795833333,False,123.76576662882944,3.227773317409295,2.022999999999999,False,False,NM,0.0,,,,,,,0.117,,,,,0.134822670200528,10.441375060031286,3.376322880031284,7.065052180000001,0.5,0.0,0.5,0.0
False,mp-8062,SiC,Cubic,F-43m,216,2,0.000168552368421,-0.3057778925,False,20.634942460365664,3.226629134057059,1.3669,False,False,NM,0.0,,,,,,,0.492,,,,,0.189389999999999,10.350063106666669,3.354650196666665,6.99541291,0.5,0.0,0.5,0.0
False,mp-9947,SiC,Trigonal,R3m,160,14,1.63309398502065e-05,-0.305930113928572,False,144.40303729604565,3.227557774286588,1.848799999999998,False,False,NM,0.0,,,,,,,0.128,,,,,0.07752179835783,10.826321216670149,3.438965346669194,7.387355870000955,0.5,0.0,0.5,0.0
True,mp-1019097,SiC2,Tetragonal,P4_2/mmc,131,6,0.562933214499999,0.358968917921052,False,69.82843455921478,2.47823236008665,0.0,False,True,NM,0.005077,,,,,,,7.009,,,,,,,,,0.3333333333333333,0.0,0.6666666666666666,0.0
True,mp-1102811,SiC2,Cubic,Pa-3,205,12,0.981458676166665,0.777494379587718,False,109.64108987745122,3.156683071506546,0.0,False,True,NM,0.001885499999999,,,,,,,,,,,,,,,,0.3333333333333333,0.0,0.6666666666666666,0.0
True,mp-972848,SiC3,Tetragonal,I4/mmm,139,4,2.2886085565,2.13563533406579,False,46.22432646417578,2.30332787518596,0.0,False,True,NM,1.0100000000000002e-05,,,,,,,,,,,,,,,,0.25,0.0,0.75,0.0
False,mp-1080623,Si2N3,Orthorhombic,Cmc2_1,36,10,0.355858124,-0.8770224413333311,False,126.44547939210858,2.578979625468574,0.0,False,True,FM,1.970756999999999,,,,,,,,,,,,,,,,0.4,0.0,0.0,0.6
True,mp-971682,Si3N2,Cubic,Pm-3m,221,20,0.250964456000001,-0.6736959679999981,False,300.80932885859437,2.47902624111651,0.1222,True,False,NM,0.000364199999999,,,,,,,0.033,,,,,,,,,0.6,0.0,0.0,0.4
True,mp-11607,Si3N4,Cubic,I-43d,220,14,0.099497540000001,-1.221445922857142,False,136.57196749471183,3.411328170996549,4.026700000000001,False,False,NM,7.1e-05,,,,,,,0.912,,,,,0.024996203118625,9.408913850001513,4.716144600001592,4.69276924999992,0.4285714285714285,0.0,0.0,0.5714285714285714
True,mp-1244914,Si3N4,Triclinic,P1,1,105,0.6416110814761921,-0.6793323813809511,False,1224.4880824032464,2.853591268741165,0.907099999999999,True,False,NM,0.0003089,,,,,,,,,,,,,,,,0.4285714285714285,0.0,0.0,0.5714285714285714
True,mp-1244972,Si3N4,Triclinic,P1,1,105,0.6525968523333351,-0.6683466105238091,False,1231.439457341729,2.837482979606902,0.9524999999999992,False,False,NM,0.0018206,,,,,,,,,,,,,,,,0.4285714285714285,0.0,0.0,0.5714285714285714
True,mp-1245123,Si3N4,Triclinic,P1,1,105,0.745838398142858,-0.575105064714285,False,1287.0888652069268,2.714799727571065,0.6301999999999991,True,False,NM,0.003227099999999,,,,,,,,,,,,,,,,0.4285714285714285,0.0,0.0,0.5714285714285714
True,mp-1245229,Si3N4,Triclinic,P1,1,105,0.364398463190477,-0.9565449996666672,False,1167.8045128793856,2.992100528887412,1.4928,False,False,NM,9.12e-05,,,,,,,,,,,,,,,,0.4285714285714285,0.0,0.0,0.5714285714285714
True,mp-1245249,Si3N4,Triclinic,P1,1,105,0.5863529750952391,-0.734590487761904,False,1202.104316644249,2.906726523017375,0.6779000000000001,False,False,NM,0.000371199999999,,,,,,,,,,,,,,,,0.4285714285714285,0.0,0.0,0.5714285714285714
True,mp-1245263,Si3N4,Triclinic,P1,1,105,0.386572600333334,-0.9343708625238092,False,1164.7375871600716,2.999979170538526,1.994099999999999,True,False,NM,0.0014842,,,,,,,,,,,,,,,,0.4285714285714285,0.0,0.0,0.5714285714285714
True,mp-1245287,Si3N4,Triclinic,P1,1,105,0.625723133761905,-0.695220329095237,False,1214.5844558901292,2.876859228420422,0.181899999999999,True,False,NM,0.000326399999999,,,,,,,,,,,,,,,,0.4285714285714285,0.0,0.0,0.5714285714285714
True,mp-2075,Si3N4,Cubic,Fd-3m,227,14,0.147139670000001,-1.173803792857143,False,118.06562763064186,3.94604093869418,3.333299999999999,False,False,NM,0.0,,,,,,,0.585,,,,,,,,,0.4285714285714285,0.0,0.0,0.5714285714285714
False,mp-2245,Si3N4,Trigonal,P31c,159,28,0.003539623571429,-1.317403839285715,False,292.42902133025774,3.186358166257212,4.654700000000001,False,False,NM,0.0,,,,,,,0.079,,,,,0.143370972654857,8.151321686666849,3.869449786666848,4.2818719,0.4285714285714285,0.0,0.0,0.5714285714285714
True,mp-40793,Si3N4,Hexagonal,P6_3/mmc,194,14,0.495112142142858,-0.8258313207142861,False,132.65423022126643,3.5120764660578923,1.8186,True,False,NM,0.0,,,,,,,-4.783,,,,,,,,,0.4285714285714285,0.0,0.0,0.5714285714285714
False,mp-568867,Si3N4,Trigonal,P31c,159,28,0.706888974642856,-0.6140544882142871,False,297.65060327184403,3.130460983192679,2.3538,False,False,NM,0.0010406,,,,,,,9.92,,,,,,,,,0.4285714285714285,0.0,0.0,0.5714285714285714
False,mp-583712,Si3N4,Hexagonal,P6_3/m,176,42,0.634883422857143,-0.6860600399999991,False,1099.477784526675,1.271217499725204,2.5275,False,False,NM,0.000152199999999,,,,,,,,,,,,,,,,0.4285714285714285,0.0,0.0,0.5714285714285714
True,mp-603694,Si3N4,Trigonal,P31c,159,28,0.743741592857144,-0.57720187,False,290.12401522409795,3.21167346124912,0.0,False,True,FM,4.0135381,,,,,,,,,,,,,,,,0.4285714285714285,0.0,0.0,0.5714285714285714
True,mp-641539,Si3N4,Orthorhombic,Pnma,62,28,0.287706036428572,-1.033237426428572,False,243.07352445217603,3.833340559266036,3.907599999999998,False,False,NM,0.0025233,,,,,,,0.939,,,,,,,,,0.4285714285714285,0.0,0.0,0.5714285714285714
False,mp-988,Si3N4,Hexagonal,P6_3/m,176,14,0.0,-1.320943462857144,True,145.49663109055865,3.202079639858874,4.2503,False,False,NM,0.0,,,,,,,0.361,,,,,,8.157832289998682,3.893353203330646,4.264479086668037,0.4285714285714285,0.0,0.0,0.5714285714285714
